1.94518;1.73431;1.77672;1.60628;1.58241;1.49654;1.40486;1.43427;1.39431;1.33049;1.28646;1.24788;1.22805;1.20912;1.19313;1.16416;1.17477;1.14868;1.15207;1.12463;1.1375;1.13447;1.1416;1.12313;1.12172;1.11289;1.11265;1.11377;1.08904;1.06912;1.06232;1.06221;1.04972;1.04444;1.03967;1.03809;1.0331;1.0303;1.03458
1.32743;1.21177;1.12602;1.05368;0.99794;0.995637;0.940491;0.94975;0.952384;0.94037;0.874525;0.847252;0.832155;0.835111;0.820166;0.807994;0.802767;0.796842;0.801291;0.789212;0.786117;0.78079;0.779993;0.777726;0.770777;0.771676;0.768388;0.777908;0.759386;0.749538;0.745473;0.741492;0.738602;0.73516;0.730366;0.728803;0.727612;0.72593;0.725286
1.06876;0.919425;0.903423;0.851847;0.819761;0.795217;0.776897;0.764027;0.748152;0.742003;0.710702;0.685466;0.674613;0.662146;0.664106;0.656932;0.652566;0.646213;0.641666;0.637254;0.636937;0.637167;0.629826;0.634517;0.631334;0.629515;0.62554;0.622792;0.615365;0.613544;0.606424;0.603412;0.600987;0.597963;0.594263;0.594242;0.593271;0.591785;0.592419
0.952725;0.805681;0.742945;0.733198;0.697498;0.669076;0.647764;0.648135;0.633287;0.637705;0.604758;0.59247;0.586271;0.571812;0.568551;0.561547;0.561476;0.55244;0.553864;0.553557;0.551081;0.54347;0.544246;0.544192;0.544363;0.540103;0.538438;0.538442;0.532434;0.52593;0.524293;0.522123;0.519076;0.516523;0.515103;0.514674;0.515211;0.512447;0.512519
0.822078;0.718082;0.667398;0.656212;0.618319;0.607997;0.589349;0.577578;0.57392;0.565292;0.534571;0.527195;0.521811;0.514899;0.509339;0.503216;0.49865;0.494582;0.493811;0.489923;0.488841;0.492893;0.486566;0.484438;0.488449;0.484171;0.482752;0.480542;0.474825;0.471229;0.468401;0.466051;0.4635;0.463009;0.461453;0.460107;0.458303;0.457863;0.457049
0.773647;0.652692;0.62857;0.570787;0.54705;0.540143;0.546028;0.524096;0.522517;0.507019;0.491033;0.475438;0.468944;0.464127;0.464009;0.456933;0.452633;0.449888;0.451426;0.446286;0.447368;0.444812;0.442672;0.44429;0.443959;0.439735;0.439734;0.437993;0.435298;0.429758;0.426059;0.427698;0.423235;0.421445;0.421171;0.419211;0.418729;0.41807;0.417382
0.686022;0.610812;0.554676;0.531851;0.526297;0.498373;0.489651;0.489845;0.465772;0.470474;0.452289;0.445461;0.441627;0.431722;0.425078;0.424717;0.421282;0.419797;0.415344;0.412183;0.412336;0.409603;0.408856;0.411787;0.407647;0.406575;0.405721;0.405887;0.399554;0.396472;0.394356;0.393588;0.391415;0.390469;0.388995;0.388919;0.388748;0.38691;0.386531
0.6515;0.56589;0.508155;0.498416;0.46776;0.467913;0.465397;0.445498;0.446835;0.438718;0.428289;0.413917;0.404922;0.404649;0.401207;0.395187;0.395949;0.393741;0.391459;0.385482;0.385773;0.383745;0.384166;0.384581;0.381488;0.378703;0.379965;0.381082;0.373647;0.372541;0.369969;0.368306;0.366207;0.364815;0.363544;0.362496;0.362611;0.362077;0.3617
0.604322;0.502789;0.492958;0.462217;0.449333;0.448676;0.43114;0.422189;0.417977;0.415705;0.400018;0.394261;0.382535;0.378402;0.377215;0.37007;0.37095;0.367122;0.365412;0.364701;0.364868;0.363963;0.363238;0.36053;0.360729;0.357655;0.358537;0.357819;0.352658;0.349618;0.348446;0.347487;0.344763;0.344609;0.343096;0.342425;0.341439;0.342448;0.341242
0.576137;0.490016;0.457585;0.430633;0.425785;0.415208;0.402734;0.400647;0.394888;0.393193;0.376082;0.372146;0.363647;0.358235;0.359209;0.350548;0.350978;0.348325;0.346516;0.346508;0.344127;0.346606;0.343339;0.343351;0.339779;0.340028;0.340815;0.337108;0.334611;0.331584;0.330991;0.329039;0.328042;0.326566;0.325411;0.324869;0.324226;0.323732;0.323088
0.553732;0.460133;0.435537;0.421558;0.398732;0.400879;0.388449;0.383184;0.381858;0.376992;0.357418;0.351437;0.345639;0.341126;0.340193;0.336458;0.33336;0.333773;0.331783;0.327537;0.328106;0.33027;0.328086;0.326207;0.325644;0.323886;0.322842;0.322347;0.319265;0.318228;0.314893;0.313866;0.311714;0.311632;0.310062;0.309317;0.309479;0.30867;0.307777
0.526975;0.458833;0.420514;0.406985;0.389502;0.377536;0.374238;0.365702;0.359652;0.353094;0.343918;0.333067;0.32944;0.325411;0.323613;0.323364;0.321904;0.320649;0.318297;0.315787;0.313745;0.314413;0.313795;0.312333;0.310222;0.310996;0.30981;0.30914;0.305296;0.303456;0.301391;0.30001;0.299325;0.297331;0.297068;0.296037;0.295623;0.295536;0.295638
0.500931;0.432539;0.402607;0.379112;0.365151;0.362588;0.358233;0.342364;0.34198;0.337739;0.334607;0.322649;0.317435;0.313922;0.310534;0.307985;0.30698;0.306395;0.307221;0.304081;0.304074;0.301066;0.300599;0.299589;0.298627;0.297758;0.297526;0.297193;0.291939;0.291784;0.289967;0.289222;0.287406;0.286815;0.286109;0.284397;0.283744;0.284065;0.283534
0.493496;0.409819;0.38909;0.368013;0.355096;0.348658;0.344814;0.33947;0.334435;0.329077;0.318322;0.309328;0.30546;0.303213;0.2989;0.296739;0.294465;0.293373;0.293859;0.292065;0.28894;0.289763;0.289112;0.289112;0.28834;0.287464;0.287219;0.287399;0.282225;0.280197;0.278977;0.278589;0.276324;0.27521;0.274575;0.274479;0.273983;0.273723;0.27364
0.457715;0.399861;0.381289;0.359472;0.342637;0.334341;0.335693;0.327945;0.322399;0.317904;0.306525;0.30273;0.296053;0.290716;0.288793;0.286323;0.284431;0.284173;0.284107;0.283093;0.28277;0.280295;0.278813;0.279773;0.279121;0.276798;0.276659;0.277225;0.272714;0.27115;0.269212;0.269262;0.267973;0.266771;0.26549;0.264871;0.264627;0.264387;0.264081
0.457152;0.384557;0.362072;0.343585;0.331649;0.329691;0.320879;0.316279;0.309742;0.312017;0.299419;0.290278;0.284566;0.27938;0.280895;0.2789;0.277505;0.274337;0.273378;0.272825;0.272005;0.270359;0.270738;0.269443;0.269188;0.268869;0.268984;0.267536;0.264519;0.262835;0.261427;0.26076;0.259334;0.257828;0.257096;0.256963;0.256151;0.255849;0.255713
0.428472;0.381443;0.347093;0.329102;0.326357;0.315021;0.311305;0.305394;0.304348;0.300846;0.291156;0.281388;0.277504;0.275815;0.272304;0.271416;0.268755;0.267462;0.26723;0.265868;0.264455;0.263367;0.264645;0.262237;0.26106;0.260302;0.259335;0.260307;0.256151;0.254925;0.252852;0.252596;0.251683;0.250169;0.249629;0.24896;0.248551;0.248226;0.24768
0.439939;0.364505;0.344926;0.319991;0.320145;0.306539;0.29965;0.302215;0.293481;0.293296;0.280931;0.274317;0.2705;0.265943;0.2654;0.263296;0.260489;0.260788;0.258041;0.255396;0.255969;0.255189;0.255249;0.254717;0.253533;0.252423;0.25267;0.252693;0.249359;0.247232;0.24617;0.245591;0.244253;0.243074;0.242445;0.241695;0.241582;0.241139;0.240877
0.414914;0.364934;0.328561;0.315733;0.304014;0.301497;0.291082;0.290968;0.286703;0.279728;0.26948;0.264609;0.264066;0.257587;0.259289;0.257577;0.253502;0.253112;0.251294;0.248684;0.251671;0.250388;0.248839;0.248642;0.246763;0.247056;0.245502;0.24587;0.2425;0.24032;0.239266;0.238504;0.23755;0.237228;0.236167;0.235488;0.234983;0.234889;0.234166
0.413854;0.350166;0.316408;0.30876;0.294583;0.288882;0.283172;0.283745;0.276462;0.273543;0.264244;0.259248;0.255981;0.253122;0.248643;0.24794;0.245544;0.247008;0.244773;0.244448;0.243263;0.241263;0.241312;0.240317;0.241044;0.239474;0.239199;0.239191;0.236737;0.234148;0.233168;0.232604;0.231767;0.230202;0.22994;0.230212;0.229002;0.228577;0.2287
0.384378;0.336182;0.3098;0.296416;0.288427;0.281351;0.278597;0.276439;0.27007;0.26913;0.260438;0.251784;0.249545;0.245242;0.245639;0.242688;0.240495;0.240005;0.237969;0.236899;0.239036;0.237177;0.235347;0.23496;0.235605;0.234556;0.234135;0.233476;0.230876;0.22973;0.227851;0.226795;0.22595;0.225771;0.224291;0.22382;0.223524;0.223605;0.222701
0.380207;0.330792;0.311037;0.292861;0.283618;0.282818;0.27381;0.267464;0.263497;0.262267;0.253128;0.246334;0.243112;0.239368;0.239529;0.23784;0.235283;0.232883;0.232973;0.231536;0.231146;0.233169;0.230325;0.229699;0.228704;0.229688;0.229919;0.228102;0.225842;0.223802;0.222474;0.222315;0.22031;0.219996;0.219543;0.219269;0.218471;0.217887;0.217645
0.373173;0.318997;0.296343;0.281962;0.280165;0.269252;0.265283;0.260443;0.257794;0.257808;0.249056;0.24076;0.237541;0.236743;0.23431;0.23231;0.23029;0.228766;0.227425;0.228606;0.227271;0.225054;0.226394;0.225629;0.224568;0.224739;0.224784;0.224228;0.221111;0.218465;0.21826;0.21719;0.216629;0.214663;0.213981;0.213801;0.213343;0.213397;0.213298
0.37698;0.314682;0.296584;0.276335;0.27005;0.270966;0.263741;0.255885;0.255216;0.251241;0.24169;0.236082;0.231156;0.229788;0.228515;0.226813;0.224967;0.225718;0.223716;0.222447;0.223031;0.221775;0.220549;0.22185;0.219261;0.219487;0.218175;0.218658;0.216298;0.214372;0.213568;0.212159;0.211157;0.210085;0.21041;0.209428;0.209402;0.208875;0.208332
0.352804;0.31273;0.289496;0.275409;0.266001;0.258424;0.256862;0.251045;0.246849;0.243052;0.235629;0.232066;0.228721;0.226877;0.224509;0.220481;0.21942;0.219595;0.218965;0.218768;0.217767;0.215921;0.215391;0.216;0.216413;0.215541;0.214654;0.213307;0.211495;0.209771;0.209156;0.208296;0.206773;0.20626;0.205548;0.205661;0.204661;0.20449;0.204247
0.353512;0.3042;0.281553;0.268184;0.26711;0.257971;0.247813;0.245471;0.240701;0.241462;0.234152;0.228327;0.224007;0.222051;0.218587;0.218087;0.217512;0.2164;0.214694;0.214253;0.212453;0.213378;0.211543;0.211482;0.210908;0.210132;0.210392;0.210022;0.207412;0.205814;0.205044;0.204276;0.20315;0.202244;0.201523;0.201593;0.200983;0.200544;0.200383
0.338594;0.300371;0.275667;0.261973;0.258774;0.254371;0.243477;0.242841;0.238356;0.234589;0.22669;0.22429;0.22099;0.216347;0.21653;0.21629;0.21359;0.211967;0.21061;0.209757;0.20877;0.208388;0.207999;0.20725;0.206364;0.207017;0.206846;0.205647;0.203893;0.202064;0.201205;0.200215;0.198835;0.198563;0.197549;0.197574;0.197466;0.19699;0.196458
0.336298;0.283898;0.263147;0.26093;0.25759;0.245598;0.241612;0.236177;0.235097;0.231774;0.222761;0.222553;0.217681;0.214073;0.211596;0.209907;0.212789;0.207385;0.206754;0.206099;0.205281;0.20505;0.205653;0.20485;0.203701;0.20194;0.202461;0.203062;0.199673;0.19915;0.197948;0.196431;0.195939;0.194821;0.194495;0.194156;0.193766;0.193155;0.193166
0.324882;0.279644;0.265777;0.25401;0.243208;0.237489;0.236027;0.232263;0.230242;0.231303;0.224102;0.213771;0.210286;0.209385;0.208226;0.206344;0.205474;0.204508;0.202426;0.202671;0.202604;0.201568;0.201094;0.200673;0.198966;0.198376;0.197903;0.199576;0.196677;0.19439;0.193167;0.193001;0.192241;0.191534;0.19095;0.190276;0.190278;0.19003;0.189609
0.328302;0.282871;0.259037;0.246532;0.240802;0.238542;0.233421;0.229154;0.226304;0.228442;0.215763;0.210203;0.208331;0.206656;0.203274;0.202494;0.201852;0.201315;0.200684;0.199639;0.198154;0.197666;0.197481;0.197517;0.196602;0.195749;0.195753;0.195325;0.192855;0.191414;0.190454;0.190283;0.188645;0.1886;0.188019;0.187212;0.186992;0.186433;0.186671
0.310951;0.276303;0.25332;0.249297;0.239108;0.231442;0.226914;0.226058;0.22075;0.220364;0.211659;0.208838;0.204738;0.202235;0.200502;0.198457;0.197349;0.196792;0.196195;0.195448;0.194531;0.195605;0.193454;0.193525;0.192971;0.193622;0.191827;0.192109;0.189565;0.188159;0.187654;0.187145;0.185767;0.18508;0.184431;0.184484;0.184025;0.18371;0.183451
0.305621;0.26213;0.249221;0.24159;0.231541;0.230906;0.220576;0.220593;0.218989;0.214712;0.208109;0.204024;0.202773;0.200172;0.197213;0.196388;0.194753;0.194302;0.19482;0.192903;0.192206;0.191227;0.191912;0.191361;0.19012;0.189602;0.188938;0.189231;0.187022;0.185575;0.184807;0.183801;0.183173;0.18193;0.181909;0.181442;0.181043;0.180717;0.180379
0.312278;0.269094;0.245653;0.240544;0.232546;0.228429;0.223217;0.216608;0.216549;0.21355;0.205807;0.202213;0.196758;0.195626;0.197826;0.193157;0.192041;0.192175;0.190093;0.189026;0.189822;0.1886;0.18767;0.187101;0.187014;0.187401;0.187575;0.186231;0.184542;0.182744;0.181975;0.180915;0.179667;0.179613;0.179141;0.178748;0.178236;0.178268;0.178128
0.297033;0.263425;0.24268;0.233983;0.224421;0.219515;0.217945;0.213403;0.212179;0.208969;0.201166;0.198412;0.195924;0.193126;0.19138;0.190239;0.190732;0.187347;0.186628;0.187393;0.187645;0.185766;0.185332;0.183541;0.184616;0.184629;0.183831;0.183147;0.182149;0.17961;0.179198;0.177797;0.177343;0.176837;0.176338;0.17579;0.175747;0.17552;0.175369
0.313158;0.255449;0.238216;0.227824;0.223087;0.218861;0.215812;0.21275;0.205056;0.208543;0.200726;0.196828;0.192932;0.191496;0.191097;0.18782;0.185721;0.185535;0.18442;0.184398;0.184932;0.183569;0.182026;0.182386;0.18151;0.182157;0.18138;0.180965;0.178512;0.177196;0.176532;0.175862;0.175172;0.174146;0.174009;0.173389;0.173203;0.173248;0.172678
0.286973;0.251534;0.235316;0.227621;0.223033;0.214955;0.212635;0.208949;0.207461;0.206827;0.19609;0.192099;0.189746;0.188351;0.186797;0.18422;0.184894;0.183255;0.182916;0.18169;0.181888;0.181053;0.179788;0.18024;0.180227;0.178359;0.178453;0.177795;0.176132;0.174745;0.173764;0.173824;0.172603;0.172032;0.171694;0.170874;0.170375;0.170508;0.170218
0.279306;0.256495;0.233101;0.225439;0.219983;0.212223;0.208486;0.208438;0.20337;0.204135;0.19427;0.190283;0.187662;0.1839;0.184516;0.182583;0.183316;0.179777;0.180353;0.179386;0.179369;0.177866;0.176459;0.177283;0.17705;0.176015;0.176689;0.176294;0.174546;0.172339;0.172036;0.170769;0.170251;0.16949;0.169243;0.168759;0.168573;0.168047;0.167908
0.286752;0.250163;0.231033;0.218607;0.21892;0.210755;0.209443;0.205181;0.200963;0.197413;0.191024;0.186732;0.18569;0.184529;0.181361;0.179693;0.180394;0.176956;0.176883;0.176103;0.175656;0.176241;0.175524;0.175296;0.1749;0.174691;0.174842;0.173395;0.171411;0.170459;0.169783;0.168557;0.168326;0.167422;0.166773;0.16642;0.166352;0.165894;0.166116
0.283063;0.249258;0.226097;0.221143;0.216529;0.205031;0.203178;0.201175;0.197396;0.196618;0.190076;0.187417;0.182038;0.180386;0.179039;0.177862;0.176996;0.175559;0.174518;0.174732;0.173798;0.173397;0.173644;0.172475;0.172375;0.171974;0.170762;0.171674;0.169289;0.167934;0.166808;0.166044;0.165721;0.164871;0.164605;0.164136;0.163956;0.163815;0.163799
0.29386;0.237891;0.224137;0.214465;0.210801;0.210964;0.201085;0.197904;0.19603;0.195994;0.189255;0.183383;0.179416;0.178299;0.178267;0.175063;0.174927;0.173113;0.173229;0.172765;0.171932;0.17242;0.170536;0.171403;0.169457;0.170301;0.168565;0.168784;0.167313;0.166012;0.164587;0.164627;0.163818;0.162912;0.162925;0.162402;0.162147;0.161858;0.161496
0.270402;0.23889;0.228197;0.214333;0.20669;0.203506;0.19754;0.193742;0.194885;0.188414;0.18381;0.182154;0.178907;0.176002;0.174659;0.172584;0.173705;0.172401;0.171078;0.169733;0.170126;0.169412;0.1688;0.16903;0.167998;0.168699;0.168122;0.16691;0.165495;0.164024;0.163133;0.162788;0.161807;0.161457;0.160486;0.160438;0.15993;0.159797;0.159536
0.269629;0.236893;0.220068;0.21119;0.203254;0.200618;0.194607;0.193858;0.191152;0.188151;0.18349;0.177007;0.176115;0.174684;0.173695;0.170682;0.169412;0.169467;0.169189;0.16805;0.169006;0.167385;0.1659;0.166626;0.165996;0.165588;0.165109;0.164678;0.163817;0.162088;0.161185;0.160605;0.15982;0.159025;0.158648;0.158347;0.158079;0.157967;0.157641
0.27726;0.240707;0.215756;0.207182;0.200633;0.197941;0.194053;0.192548;0.190173;0.185222;0.178399;0.176061;0.17367;0.173672;0.169298;0.169275;0.168434;0.167985;0.16786;0.16662;0.1661;0.165902;0.164358;0.164178;0.164454;0.163991;0.164282;0.163471;0.161556;0.159667;0.159201;0.158637;0.157883;0.157486;0.156925;0.156598;0.156238;0.156249;0.156025
0.268984;0.235702;0.216393;0.20186;0.198409;0.197274;0.196146;0.186042;0.188402;0.186809;0.178987;0.174112;0.172311;0.17114;0.168658;0.166884;0.166974;0.166088;0.165317;0.164513;0.163038;0.163223;0.162828;0.162189;0.161265;0.161702;0.161623;0.160186;0.159072;0.158354;0.157566;0.156784;0.155796;0.155556;0.155009;0.154801;0.154326;0.15411;0.154109
0.274766;0.233149;0.211191;0.203423;0.198221;0.192756;0.192723;0.186185;0.184834;0.182139;0.174879;0.171941;0.170311;0.167138;0.168179;0.165755;0.165183;0.16394;0.162137;0.163115;0.161891;0.161039;0.160413;0.161396;0.160896;0.159728;0.159688;0.160241;0.157365;0.157199;0.155368;0.15463;0.154305;0.153877;0.153049;0.153196;0.152468;0.152411;0.152285
0.258616;0.220703;0.209648;0.205516;0.194472;0.194304;0.186594;0.184613;0.182673;0.179008;0.173091;0.170255;0.167483;0.166296;0.164631;0.163266;0.163924;0.161554;0.161041;0.161046;0.159977;0.159675;0.159143;0.159607;0.159125;0.15717;0.15826;0.157237;0.155663;0.154654;0.153732;0.153007;0.152555;0.152017;0.15143;0.151274;0.151168;0.150625;0.150837
0.261789;0.220929;0.207717;0.200602;0.192295;0.186616;0.185092;0.184203;0.176979;0.178048;0.173936;0.167325;0.165493;0.163987;0.163367;0.16184;0.161149;0.160775;0.160034;0.15855;0.159476;0.158314;0.157784;0.158147;0.156511;0.156075;0.156303;0.156151;0.154238;0.153128;0.152466;0.151394;0.151047;0.150355;0.150092;0.149693;0.149406;0.149252;0.148994
0.264827;0.216007;0.209829;0.19167;0.190533;0.187848;0.181845;0.181472;0.17999;0.178472;0.169654;0.16636;0.165024;0.162482;0.160973;0.159074;0.1598;0.158602;0.158106;0.156951;0.157259;0.157444;0.155523;0.155712;0.155461;0.155192;0.154673;0.153807;0.15247;0.151375;0.150975;0.149846;0.149405;0.149073;0.148505;0.147982;0.147858;0.147763;0.147406
0.24708;0.225458;0.201099;0.198459;0.186111;0.183824;0.182391;0.178973;0.175913;0.174513;0.168961;0.165242;0.162481;0.161249;0.160476;0.158224;0.15736;0.157254;0.156442;0.156223;0.15482;0.155131;0.154495;0.15448;0.153317;0.153197;0.153159;0.15305;0.150394;0.149624;0.148859;0.148426;0.147754;0.147023;0.146539;0.146372;0.146403;0.146243;0.146104
0.243577;0.216604;0.197114;0.193261;0.18972;0.18259;0.181381;0.178368;0.175919;0.171987;0.167179;0.163587;0.160654;0.159608;0.158899;0.156218;0.157867;0.155581;0.153956;0.153503;0.153294;0.154086;0.152613;0.151983;0.152102;0.15156;0.151679;0.151334;0.149293;0.148312;0.147368;0.147444;0.146191;0.145887;0.145322;0.144954;0.145006;0.144564;0.144475
0.248901;0.205757;0.199945;0.187714;0.184917;0.182144;0.177696;0.175416;0.174128;0.173141;0.164358;0.161887;0.159884;0.15841;0.15689;0.154911;0.155366;0.15297;0.153137;0.152831;0.152202;0.152233;0.151011;0.150733;0.150735;0.150389;0.149752;0.150332;0.147451;0.146848;0.146081;0.145766;0.145021;0.144594;0.143839;0.143637;0.143466;0.143118;0.142938
0.24541;0.213632;0.1994;0.185315;0.182889;0.1834;0.174813;0.173765;0.169772;0.168915;0.164718;0.160783;0.15808;0.155407;0.154366;0.153722;0.153259;0.152597;0.152257;0.151747;0.150739;0.150458;0.150591;0.149183;0.149005;0.148941;0.148311;0.148329;0.146064;0.145471;0.144575;0.144154;0.14357;0.142822;0.142636;0.142415;0.142078;0.141714;0.141675
0.245262;0.2102;0.194631;0.190116;0.182245;0.177061;0.17424;0.171776;0.169689;0.170671;0.160506;0.158077;0.157794;0.155381;0.154128;0.151894;0.150832;0.152329;0.150829;0.149907;0.149567;0.148618;0.147663;0.148529;0.146877;0.147056;0.147242;0.147593;0.145142;0.14418;0.143932;0.143356;0.142454;0.141839;0.141053;0.140862;0.140741;0.140313;0.140471
0.242537;0.203037;0.19617;0.186355;0.180392;0.174655;0.171556;0.170841;0.167634;0.166096;0.160268;0.158319;0.155321;0.153475;0.153874;0.150869;0.150064;0.148831;0.148718;0.147969;0.147615;0.14758;0.147075;0.146837;0.146608;0.146065;0.146055;0.145568;0.143877;0.14242;0.142267;0.141672;0.140786;0.140272;0.139758;0.139864;0.13946;0.139165;0.139205
0.236875;0.207526;0.196704;0.181836;0.179667;0.174631;0.170163;0.167483;0.168313;0.163829;0.16124;0.156301;0.153726;0.150893;0.149701;0.150089;0.149176;0.14901;0.148567;0.146556;0.146253;0.145832;0.14582;0.145223;0.14475;0.145686;0.144245;0.144669;0.143123;0.141732;0.140778;0.140447;0.139612;0.138731;0.138728;0.138363;0.138131;0.138089;0.137913
0.238848;0.207768;0.193311;0.181763;0.174989;0.171862;0.168028;0.166818;0.164002;0.164477;0.158853;0.155473;0.153187;0.150644;0.14869;0.148227;0.148395;0.147093;0.14657;0.145797;0.14522;0.145212;0.143983;0.143921;0.143514;0.143468;0.142988;0.143034;0.141187;0.140302;0.13964;0.139191;0.137984;0.137694;0.137447;0.137052;0.136945;0.136833;0.13667
0.234588;0.19993;0.189915;0.179999;0.175133;0.16953;0.167371;0.168614;0.163979;0.160658;0.158374;0.153719;0.150601;0.148809;0.147581;0.147319;0.146351;0.146449;0.144748;0.145322;0.143304;0.143576;0.14291;0.142884;0.142526;0.141839;0.141892;0.141406;0.139966;0.138777;0.137952;0.138015;0.137629;0.136213;0.136321;0.136166;0.135777;0.135631;0.135311
0.221384;0.192977;0.185894;0.17803;0.173446;0.167242;0.164665;0.163122;0.16298;0.160891;0.15394;0.150649;0.148908;0.148993;0.146302;0.145779;0.14495;0.144618;0.143217;0.143503;0.142865;0.141571;0.141299;0.141587;0.141239;0.141173;0.141599;0.140783;0.138818;0.137853;0.136871;0.136594;0.135992;0.135374;0.134928;0.134762;0.134603;0.134251;0.134123
0.229131;0.209996;0.18209;0.18074;0.169642;0.168817;0.164527;0.163158;0.162227;0.159295;0.15398;0.149127;0.147142;0.145798;0.144439;0.144667;0.143775;0.142481;0.14154;0.141358;0.141786;0.141405;0.140752;0.140336;0.139486;0.13957;0.139233;0.139174;0.137955;0.136671;0.136234;0.135657;0.134656;0.13425;0.133893;0.133644;0.133443;0.133179;0.132908
0.236946;0.198745;0.180258;0.17732;0.17363;0.168871;0.162283;0.161251;0.15897;0.157536;0.1539;0.148974;0.147172;0.146186;0.143869;0.143069;0.142304;0.141665;0.140814;0.1403;0.139674;0.140247;0.139532;0.139224;0.139484;0.138514;0.138197;0.138119;0.136075;0.135655;0.134842;0.134121;0.133477;0.132967;0.132526;0.132326;0.132221;0.132102;0.131876
0.231894;0.191266;0.177049;0.172339;0.170832;0.163432;0.164114;0.158683;0.158763;0.157733;0.152255;0.149026;0.146387;0.144371;0.142991;0.143313;0.141194;0.140635;0.140297;0.139221;0.138792;0.138419;0.13833;0.139442;0.13765;0.137767;0.137111;0.137342;0.136056;0.134561;0.13378;0.133347;0.132175;0.13171;0.131739;0.131319;0.13111;0.131099;0.130968
0.221286;0.197027;0.178971;0.176061;0.168597;0.165863;0.161759;0.160241;0.158043;0.156547;0.150555;0.146644;0.144273;0.144283;0.143243;0.140809;0.141698;0.139041;0.138377;0.138606;0.137622;0.137545;0.136902;0.138019;0.136261;0.136883;0.136021;0.136004;0.134271;0.133286;0.132759;0.131898;0.131504;0.131042;0.130762;0.130374;0.130157;0.129751;0.129701
0.214755;0.186297;0.179549;0.17108;0.168893;0.163811;0.160149;0.157869;0.15571;0.153529;0.148807;0.146985;0.143224;0.142619;0.141351;0.14064;0.139723;0.138727;0.138129;0.137434;0.137137;0.13624;0.136726;0.135553;0.135614;0.134846;0.135619;0.134981;0.133274;0.132412;0.131277;0.131227;0.130305;0.12985;0.129385;0.129321;0.1292;0.128797;0.128859
0.216764;0.187197;0.17892;0.171682;0.165967;0.160305;0.158967;0.154618;0.156965;0.150295;0.148006;0.144175;0.142272;0.140024;0.139575;0.139078;0.137839;0.136863;0.137412;0.135564;0.136021;0.135422;0.134931;0.134454;0.134699;0.134345;0.134017;0.13334;0.13174;0.13142;0.130416;0.129962;0.129219;0.128953;0.128723;0.128484;0.127949;0.127612;0.127679
0.220272;0.193286;0.175952;0.169523;0.165332;0.161705;0.158196;0.154985;0.15311;0.151852;0.146216;0.144938;0.141165;0.14015;0.138499;0.137661;0.136722;0.135773;0.136092;0.135272;0.134273;0.134873;0.13384;0.133419;0.133979;0.132907;0.132748;0.132497;0.130871;0.129606;0.129403;0.128799;0.128488;0.12755;0.127674;0.127404;0.126887;0.127033;0.126887
0.212704;0.190796;0.173443;0.166189;0.164652;0.158126;0.154451;0.154827;0.153631;0.152329;0.144006;0.142449;0.138881;0.138608;0.13847;0.137724;0.136209;0.135734;0.134638;0.134605;0.133462;0.13329;0.133184;0.13228;0.132439;0.131609;0.132843;0.131358;0.129879;0.128846;0.128493;0.127959;0.127199;0.126854;0.12665;0.126062;0.125969;0.12591;0.125757
0.219664;0.189486;0.175038;0.163545;0.164754;0.159068;0.152834;0.15322;0.149601;0.147935;0.144885;0.141739;0.139717;0.137699;0.136356;0.135905;0.135284;0.134092;0.133483;0.13311;0.133119;0.132513;0.1328;0.13168;0.131412;0.130903;0.130923;0.130451;0.12905;0.127994;0.127096;0.12732;0.126648;0.125871;0.125789;0.125215;0.12513;0.124914;0.124744
0.223061;0.180486;0.173933;0.167186;0.156881;0.157812;0.154661;0.153467;0.148501;0.150492;0.144595;0.14005;0.139525;0.138335;0.1367;0.134588;0.132839;0.133111;0.132997;0.133144;0.13172;0.130712;0.131113;0.13005;0.130402;0.130169;0.129788;0.129691;0.127808;0.12681;0.126727;0.126395;0.125378;0.125016;0.124871;0.124439;0.12425;0.124237;0.123869
0.217748;0.184425;0.169682;0.161849;0.159436;0.153644;0.150329;0.149368;0.148621;0.148852;0.141401;0.138674;0.138004;0.134352;0.134892;0.133035;0.133466;0.132372;0.131933;0.130428;0.130161;0.130385;0.130608;0.12895;0.129346;0.128857;0.12921;0.128346;0.126931;0.126458;0.126271;0.12513;0.124714;0.124436;0.123631;0.123696;0.12358;0.123113;0.122898
0.228452;0.18091;0.169779;0.166085;0.155175;0.152221;0.153368;0.150076;0.14759;0.145987;0.141316;0.139377;0.136227;0.134083;0.13299;0.13332;0.131973;0.130992;0.130741;0.130258;0.129889;0.129486;0.128852;0.12929;0.12922;0.128463;0.127641;0.127604;0.12592;0.125101;0.124689;0.124294;0.123705;0.122979;0.122537;0.122776;0.122268;0.122433;0.122062
0.206394;0.184065;0.171715;0.161083;0.15613;0.153911;0.152342;0.148683;0.147097;0.145238;0.139101;0.136422;0.135531;0.134041;0.13285;0.131697;0.13161;0.129831;0.12947;0.1292;0.129315;0.128902;0.128598;0.127978;0.127962;0.12772;0.127434;0.127067;0.125488;0.124105;0.123659;0.123337;0.122941;0.122433;0.121874;0.121801;0.121685;0.121372;0.121119
0.200801;0.179259;0.167668;0.159989;0.157129;0.150711;0.148618;0.145895;0.145477;0.143012;0.139048;0.136396;0.135395;0.132828;0.131086;0.131864;0.129316;0.129443;0.129833;0.12867;0.128236;0.127793;0.127308;0.126903;0.126516;0.126641;0.126228;0.125812;0.125076;0.123622;0.123089;0.122211;0.1221;0.121344;0.120949;0.120832;0.120623;0.120454;0.120445
0.212483;0.175044;0.168816;0.156481;0.154458;0.15174;0.147814;0.145016;0.146697;0.144608;0.138031;0.136756;0.133284;0.131881;0.131522;0.129659;0.128989;0.129246;0.128156;0.128074;0.126643;0.12644;0.125739;0.126892;0.125135;0.125332;0.125684;0.125818;0.124277;0.122914;0.122172;0.121736;0.121058;0.120477;0.120401;0.120213;0.119823;0.119699;0.119708
0.202819;0.183212;0.163461;0.159417;0.153433;0.15032;0.146428;0.145184;0.144784;0.142132;0.136249;0.133836;0.132442;0.130799;0.129162;0.129513;0.128598;0.127646;0.127645;0.127247;0.126815;0.125999;0.125434;0.125215;0.12536;0.124538;0.124306;0.124485;0.12269;0.122106;0.12112;0.121003;0.120247;0.119903;0.11939;0.119043;0.119036;0.118749;0.118713
0.202522;0.174812;0.164731;0.156645;0.150759;0.146355;0.146186;0.144358;0.140623;0.140807;0.137155;0.134757;0.131619;0.130506;0.128521;0.128007;0.127179;0.127045;0.126895;0.12543;0.125626;0.125202;0.124809;0.124125;0.123619;0.123502;0.12361;0.123433;0.121999;0.121453;0.120693;0.120464;0.119451;0.119219;0.118724;0.118303;0.118256;0.117935;0.118183
0.208354;0.176498;0.159066;0.158829;0.154351;0.146413;0.145861;0.143759;0.142339;0.142341;0.135778;0.13315;0.131087;0.128833;0.128309;0.127012;0.126773;0.125953;0.125993;0.125391;0.124348;0.124201;0.124412;0.123399;0.122682;0.123351;0.122664;0.122348;0.121117;0.120506;0.119458;0.119387;0.118632;0.118328;0.118118;0.117655;0.117434;0.117466;0.117192
0.193479;0.1806;0.160195;0.154632;0.150056;0.144772;0.144229;0.141324;0.143602;0.140164;0.134104;0.131653;0.130216;0.128639;0.127361;0.126925;0.125699;0.12563;0.125331;0.123685;0.124241;0.123095;0.122946;0.123328;0.122085;0.12245;0.122354;0.121378;0.12033;0.119481;0.118735;0.118304;0.117981;0.117398;0.117335;0.117084;0.116629;0.116387;0.116584
0.201133;0.173743;0.162184;0.155238;0.148648;0.14447;0.146435;0.13997;0.137891;0.138826;0.134413;0.131068;0.129071;0.127804;0.126264;0.12504;0.124999;0.124498;0.124408;0.124198;0.123093;0.12206;0.122105;0.122643;0.121784;0.121325;0.121745;0.120852;0.119202;0.118926;0.118212;0.117701;0.117069;0.116875;0.116231;0.116086;0.116158;0.115795;0.115552
0.194156;0.168166;0.155016;0.151787;0.147805;0.144772;0.141739;0.138456;0.140481;0.136719;0.13092;0.130565;0.127124;0.126369;0.125736;0.125551;0.124982;0.12331;0.123132;0.122621;0.121881;0.123181;0.12169;0.121111;0.121155;0.120671;0.120042;0.120179;0.119644;0.118055;0.117334;0.116953;0.116489;0.11601;0.115716;0.115422;0.1152;0.115122;0.114887
0.199315;0.173308;0.157574;0.148507;0.145427;0.147157;0.142504;0.138759;0.139093;0.139642;0.132401;0.129331;0.127563;0.126717;0.125682;0.123403;0.123504;0.123441;0.123026;0.121793;0.12107;0.120997;0.120759;0.120643;0.120235;0.120625;0.119999;0.119553;0.117664;0.117307;0.116741;0.116335;0.115716;0.115346;0.11471;0.114734;0.1146;0.114448;0.114114
0.195052;0.16831;0.158497;0.150935;0.146533;0.14279;0.138782;0.139376;0.135226;0.136011;0.131216;0.128331;0.125923;0.126146;0.124147;0.122988;0.122723;0.123108;0.121531;0.121382;0.12157;0.119751;0.119272;0.119764;0.120159;0.118657;0.11933;0.119235;0.11756;0.116382;0.115833;0.115477;0.114874;0.114452;0.114667;0.113966;0.113672;0.113528;0.113578
0.200789;0.166985;0.161051;0.152749;0.146664;0.144524;0.138654;0.137708;0.135668;0.134839;0.13081;0.126963;0.127204;0.124153;0.124408;0.121986;0.123165;0.120806;0.120296;0.12025;0.119463;0.119601;0.119663;0.118549;0.118942;0.118199;0.118254;0.117629;0.116858;0.115783;0.115342;0.115196;0.114325;0.113765;0.113848;0.113279;0.113029;0.112953;0.112778
0.20697;0.16543;0.152779;0.147477;0.146069;0.141851;0.141728;0.137258;0.13544;0.133409;0.129859;0.126679;0.125244;0.124152;0.122137;0.122155;0.121201;0.120913;0.119907;0.119912;0.119061;0.119096;0.118474;0.117741;0.118047;0.118279;0.118032;0.116838;0.116255;0.115386;0.11465;0.114245;0.113635;0.113206;0.112994;0.112563;0.112421;0.112324;0.112104
0.190544;0.163444;0.15607;0.149667;0.143495;0.139735;0.139043;0.138111;0.133666;0.13344;0.129901;0.12641;0.124117;0.122924;0.121138;0.121851;0.120864;0.11929;0.118976;0.119069;0.118397;0.117729;0.11739;0.117833;0.117452;0.117243;0.117136;0.116244;0.114855;0.114724;0.11403;0.11343;0.112998;0.112367;0.112385;0.111987;0.111559;0.111647;0.111618
0.191322;0.161363;0.155305;0.144387;0.143959;0.141642;0.137568;0.13382;0.133955;0.133318;0.128563;0.125267;0.123387;0.122051;0.12114;0.119743;0.119536;0.119168;0.118405;0.118863;0.118122;0.117797;0.116966;0.116714;0.116526;0.116356;0.116326;0.115798;0.114846;0.113742;0.113472;0.112616;0.112012;0.111818;0.111523;0.111152;0.110844;0.110715;0.1107
0.185083;0.168632;0.152726;0.147157;0.14079;0.140384;0.136286;0.137128;0.133152;0.131356;0.126537;0.125319;0.123123;0.121054;0.120525;0.119208;0.119221;0.117945;0.117855;0.117419;0.116731;0.116941;0.116624;0.116608;0.116314;0.115694;0.115219;0.115081;0.11419;0.113596;0.112786;0.112329;0.111703;0.11115;0.110864;0.110685;0.110506;0.11025;0.110113
0.184594;0.164928;0.154375;0.148277;0.140459;0.140355;0.135645;0.133795;0.130885;0.130788;0.12677;0.123558;0.12161;0.120561;0.119442;0.118912;0.118645;0.117842;0.116562;0.116373;0.116179;0.116298;0.115805;0.115176;0.115467;0.114604;0.114766;0.114396;0.113287;0.112954;0.111781;0.111396;0.110969;0.110634;0.110484;0.110019;0.109881;0.109639;0.109659
0.189075;0.15939;0.149822;0.145124;0.141069;0.137664;0.135041;0.132795;0.131906;0.130512;0.127139;0.123536;0.120253;0.11985;0.118985;0.118149;0.117965;0.116991;0.116109;0.116231;0.115022;0.11515;0.115553;0.114637;0.114523;0.113741;0.113802;0.113763;0.112743;0.111881;0.111303;0.110792;0.110339;0.109751;0.109479;0.109414;0.109118;0.109019;0.108964
0.185418;0.162262;0.147607;0.141723;0.1388;0.137076;0.134176;0.131196;0.131053;0.132405;0.125433;0.122468;0.121423;0.119243;0.118536;0.117724;0.116258;0.116421;0.115368;0.115707;0.115534;0.114026;0.114744;0.114235;0.114085;0.113444;0.113694;0.113078;0.112026;0.111232;0.110985;0.110021;0.109491;0.10923;0.10894;0.108683;0.108537;0.108463;0.10831
0.182131;0.159847;0.14957;0.14558;0.138175;0.132995;0.132339;0.132584;0.130064;0.128381;0.125381;0.121981;0.121208;0.119124;0.117449;0.116874;0.116567;0.115577;0.115103;0.114921;0.114578;0.11344;0.114094;0.113317;0.113507;0.113466;0.113051;0.112727;0.11129;0.110324;0.10994;0.109466;0.109035;0.108809;0.108501;0.108115;0.108015;0.107828;0.107623
0.181844;0.161896;0.147829;0.139561;0.141501;0.135217;0.134028;0.132478;0.128711;0.127142;0.124737;0.121917;0.119069;0.117441;0.116355;0.116234;0.115518;0.115005;0.114096;0.113692;0.113953;0.114598;0.113277;0.11296;0.112493;0.112894;0.112198;0.112382;0.111034;0.109915;0.109497;0.108917;0.108434;0.108239;0.107874;0.107698;0.107268;0.107253;0.106972
0.184609;0.153516;0.147286;0.139951;0.137993;0.134866;0.132501;0.131444;0.129538;0.127811;0.122154;0.120619;0.11922;0.118171;0.116195;0.115029;0.115393;0.115512;0.114193;0.113915;0.113156;0.113384;0.112164;0.112266;0.112057;0.112099;0.111741;0.110939;0.110435;0.109257;0.108593;0.108406;0.107871;0.107393;0.10711;0.106919;0.10671;0.1066;0.106625
0.179108;0.159593;0.148029;0.139261;0.134347;0.133689;0.131624;0.130985;0.128883;0.126158;0.121976;0.120164;0.117926;0.116004;0.115457;0.115106;0.114071;0.114426;0.112662;0.112876;0.112317;0.112686;0.112076;0.111932;0.111299;0.110817;0.110868;0.111372;0.110073;0.108363;0.10792;0.10771;0.107335;0.106949;0.106808;0.106286;0.106266;0.106158;0.105856
0.177848;0.156274;0.147131;0.140841;0.133562;0.131836;0.130065;0.129654;0.126564;0.125538;0.122613;0.118081;0.11643;0.116552;0.116309;0.114648;0.114778;0.112787;0.112844;0.112619;0.111705;0.112263;0.110995;0.111074;0.110929;0.110857;0.110303;0.110419;0.109237;0.108002;0.107852;0.107203;0.106911;0.106257;0.106049;0.105775;0.10564;0.105601;0.10543
0.177992;0.155662;0.144257;0.138417;0.134085;0.132;0.129013;0.128033;0.128324;0.127158;0.121947;0.118821;0.116119;0.115791;0.114305;0.113524;0.112568;0.11279;0.111995;0.111361;0.111424;0.110698;0.111034;0.111013;0.110234;0.110507;0.109934;0.109958;0.108303;0.107475;0.107593;0.106586;0.106235;0.105816;0.105516;0.10517;0.105141;0.104872;0.104855
0.174006;0.154392;0.145578;0.137998;0.135791;0.136063;0.127083;0.129081;0.125705;0.126219;0.120801;0.117538;0.116078;0.11573;0.113943;0.112842;0.113283;0.111048;0.112064;0.111097;0.111171;0.110445;0.109838;0.109985;0.110256;0.109466;0.109408;0.10857;0.107641;0.106905;0.106327;0.106145;0.105594;0.105222;0.105164;0.104682;0.10456;0.104402;0.104297
0.173593;0.157278;0.144008;0.137972;0.13303;0.129866;0.128552;0.12627;0.12537;0.1231;0.120215;0.116258;0.115868;0.114472;0.113676;0.113358;0.111387;0.111752;0.110933;0.111241;0.110633;0.110364;0.109894;0.108999;0.108503;0.108608;0.10848;0.108883;0.107215;0.106593;0.10592;0.105941;0.105141;0.104608;0.104368;0.104268;0.103957;0.103952;0.103778
0.178858;0.154357;0.141373;0.136763;0.134376;0.129478;0.125729;0.127239;0.123541;0.12329;0.118417;0.116649;0.115106;0.114969;0.11311;0.111692;0.112236;0.111367;0.110758;0.110019;0.109778;0.109241;0.10889;0.108435;0.10843;0.108675;0.108041;0.107982;0.106867;0.105637;0.105132;0.10502;0.104428;0.104206;0.103805;0.103708;0.103594;0.103382;0.103424
0.183273;0.154352;0.142015;0.135143;0.132789;0.129888;0.128925;0.12731;0.124377;0.123325;0.118361;0.116988;0.11473;0.113415;0.112414;0.112672;0.110656;0.110159;0.109712;0.109288;0.109463;0.108615;0.10818;0.108204;0.107965;0.108473;0.107716;0.107292;0.106749;0.105417;0.104835;0.104569;0.103891;0.103569;0.103375;0.102972;0.103122;0.102698;0.102656
0.177231;0.155828;0.14168;0.135177;0.13368;0.128652;0.127426;0.12614;0.12317;0.12255;0.117172;0.115479;0.114027;0.113792;0.111568;0.109996;0.110887;0.110558;0.109526;0.109133;0.108804;0.108331;0.107902;0.10745;0.107245;0.107274;0.107174;0.107534;0.106131;0.104773;0.103956;0.103916;0.103552;0.103068;0.102768;0.102654;0.102371;0.102394;0.102169
0.174513;0.152239;0.138293;0.132101;0.129659;0.128939;0.126847;0.124394;0.12402;0.123162;0.119164;0.115634;0.113554;0.112455;0.111727;0.110138;0.109724;0.109331;0.108938;0.108041;0.108008;0.107755;0.107425;0.107654;0.107464;0.106797;0.106588;0.106292;0.104892;0.10437;0.10394;0.103532;0.102872;0.10265;0.102045;0.102157;0.101896;0.10179;0.101627
0.174773;0.15174;0.145395;0.135286;0.132188;0.12911;0.126134;0.124972;0.124116;0.12179;0.116834;0.114046;0.112862;0.111365;0.110523;0.110203;0.108725;0.108835;0.108994;0.107888;0.107641;0.107991;0.106547;0.107001;0.106134;0.105831;0.106322;0.106005;0.10447;0.103625;0.103442;0.102792;0.102408;0.102268;0.101757;0.101529;0.101471;0.101405;0.10118
0.163354;0.146972;0.140131;0.136239;0.130188;0.127806;0.126392;0.123053;0.121292;0.121136;0.117284;0.114239;0.110973;0.111487;0.110338;0.110483;0.108682;0.108016;0.107227;0.107917;0.106907;0.10715;0.106608;0.106315;0.105859;0.106025;0.105698;0.105613;0.104477;0.103437;0.102701;0.102356;0.102077;0.101592;0.101441;0.101115;0.100887;0.100855;0.100553
0.176128;0.148654;0.138167;0.133417;0.127908;0.124672;0.123095;0.123339;0.120092;0.120423;0.115409;0.115001;0.111705;0.110929;0.108695;0.108685;0.107699;0.107681;0.106727;0.107119;0.106029;0.106179;0.10561;0.105428;0.105213;0.105493;0.104982;0.10504;0.104306;0.102716;0.102217;0.102345;0.10138;0.101441;0.100696;0.100639;0.100335;0.100426;0.100205
0.173817;0.149418;0.138674;0.130956;0.128012;0.127161;0.122828;0.122111;0.123022;0.118869;0.114646;0.11261;0.11096;0.111322;0.109186;0.108761;0.107692;0.106785;0.107027;0.106185;0.105869;0.10579;0.105054;0.105382;0.104914;0.104328;0.104623;0.104614;0.103016;0.102069;0.101599;0.101743;0.101071;0.100495;0.100451;0.100077;0.0998337;0.0999682;0.0997285
0.171503;0.148338;0.13419;0.130493;0.128978;0.123923;0.122539;0.12163;0.119751;0.119523;0.115547;0.112271;0.110748;0.109754;0.108722;0.10835;0.106791;0.106991;0.106623;0.106331;0.105552;0.106026;0.105159;0.105247;0.104973;0.104144;0.104009;0.104211;0.102887;0.101809;0.101197;0.100678;0.100464;0.100085;0.0998115;0.099557;0.099456;0.0993431;0.0992527
0.171691;0.144442;0.134131;0.130244;0.127533;0.125023;0.121204;0.12055;0.1196;0.117319;0.11245;0.11138;0.109974;0.110148;0.108497;0.106905;0.106939;0.105778;0.105519;0.105963;0.105337;0.104901;0.103975;0.10376;0.103012;0.103496;0.103843;0.103471;0.101787;0.100973;0.100772;0.10036;0.099677;0.0996137;0.0994111;0.0990934;0.0989497;0.0991362;0.098838
0.167676;0.14388;0.136297;0.130201;0.126706;0.125176;0.121179;0.119437;0.11924;0.11803;0.112514;0.112693;0.110167;0.107506;0.107053;0.106759;0.10556;0.105198;0.105139;0.105416;0.104779;0.104176;0.103929;0.103958;0.103646;0.103087;0.103479;0.103126;0.101452;0.100894;0.10061;0.100077;0.0994226;0.099194;0.0990153;0.0988703;0.0985905;0.0984351;0.0982438
0.164657;0.146439;0.134064;0.129439;0.124359;0.12181;0.121457;0.120711;0.120334;0.117385;0.112151;0.110642;0.109655;0.107321;0.107966;0.106178;0.10715;0.104819;0.105392;0.104356;0.104081;0.103267;0.10391;0.103328;0.102234;0.102676;0.102591;0.102549;0.101354;0.100431;0.0998071;0.0995979;0.099178;0.0986849;0.0984805;0.098228;0.0983684;0.0980498;0.0979184
0.168489;0.143393;0.133532;0.130041;0.126191;0.123088;0.120798;0.11918;0.118415;0.11655;0.112092;0.110083;0.108166;0.108095;0.106018;0.106476;0.104958;0.104418;0.104799;0.103676;0.103631;0.103139;0.10348;0.102526;0.102711;0.102369;0.102227;0.102109;0.100671;0.10013;0.0995604;0.0993305;0.0985147;0.0982797;0.0983018;0.0979134;0.097565;0.0976525;0.0973304
0.16573;0.143913;0.131758;0.131562;0.124976;0.122366;0.119819;0.11645;0.116466;0.115491;0.110801;0.109383;0.107518;0.107464;0.105607;0.1056;0.104879;0.103923;0.103878;0.103247;0.102894;0.102595;0.102944;0.102001;0.101609;0.101562;0.10235;0.101678;0.100277;0.0995636;0.0991442;0.0985625;0.0981148;0.0976912;0.0974344;0.0974222;0.097264;0.0972305;0.096872
0.171169;0.142439;0.132689;0.128506;0.123793;0.123793;0.119714;0.119826;0.117575;0.115096;0.111632;0.109775;0.108305;0.105982;0.105805;0.104498;0.104229;0.103343;0.103418;0.10365;0.10238;0.102665;0.10155;0.102758;0.101301;0.101019;0.101415;0.101103;0.0997958;0.099175;0.0984452;0.098325;0.0981523;0.0972326;0.0970019;0.0970542;0.096849;0.0967326;0.0964168
0.163169;0.142641;0.131305;0.127822;0.123069;0.1223;0.118062;0.118137;0.115728;0.115005;0.111385;0.108366;0.106462;0.106257;0.105213;0.104421;0.103588;0.102785;0.102686;0.102516;0.102451;0.101685;0.101302;0.101265;0.101135;0.100744;0.100434;0.100381;0.0994147;0.098799;0.0982477;0.0976688;0.097272;0.0971154;0.0967924;0.0965406;0.0963294;0.0962522;0.09617
0.157745;0.140824;0.13103;0.129395;0.12355;0.119867;0.117091;0.116731;0.115978;0.114688;0.111409;0.108734;0.106622;0.105696;0.105116;0.104377;0.103405;0.102895;0.102682;0.102283;0.102245;0.1017;0.101604;0.101408;0.100845;0.100816;0.100062;0.100063;0.0988822;0.0982146;0.0980692;0.0973452;0.0969063;0.0965932;0.0964804;0.096124;0.0959166;0.0957691;0.0956821
0.157825;0.14467;0.1296;0.126582;0.124268;0.118885;0.122657;0.11572;0.11409;0.114175;0.109899;0.10708;0.106244;0.105849;0.104494;0.103165;0.102369;0.102164;0.102658;0.101617;0.101128;0.101223;0.101133;0.100438;0.0999684;0.100054;0.0996505;0.0999289;0.098376;0.0978202;0.0975572;0.0970125;0.0966724;0.0961034;0.0959077;0.0956772;0.0955722;0.0955328;0.0952736
0.158833;0.140727;0.133275;0.125996;0.122245;0.118092;0.117682;0.116297;0.115126;0.113673;0.109092;0.106353;0.105542;0.103948;0.103252;0.103296;0.103447;0.102419;0.102404;0.101269;0.101314;0.0999578;0.100154;0.100717;0.100397;0.0998964;0.0990567;0.099011;0.0979482;0.0974646;0.0970376;0.0967145;0.096077;0.0957429;0.0957187;0.0951385;0.095215;0.0949536;0.0947452
0.165918;0.136918;0.13002;0.125722;0.119932;0.11882;0.115476;0.114894;0.113284;0.115163;0.109673;0.106639;0.104523;0.104002;0.102949;0.102479;0.102269;0.101667;0.100929;0.1014;0.100219;0.0994819;0.0995916;0.0990127;0.0993051;0.0991536;0.0985899;0.0987893;0.0976865;0.0970052;0.0967724;0.0962644;0.0956915;0.0953363;0.0950329;0.0946743;0.0944862;0.0945762;0.0944403
0.159303;0.138314;0.129985;0.126141;0.121501;0.119265;0.115433;0.114214;0.114451;0.112924;0.108276;0.106069;0.106082;0.103506;0.102415;0.102162;0.100377;0.101535;0.100003;0.100306;0.0997876;0.0994911;0.0993244;0.0990591;0.0989346;0.0989093;0.0982308;0.0985417;0.0972913;0.0963698;0.0958982;0.0956343;0.0951134;0.0948927;0.0945228;0.0945239;0.0942782;0.0941074;0.0940569
0.161832;0.139335;0.128849;0.123588;0.119592;0.117082;0.11628;0.113412;0.113999;0.112402;0.108389;0.105901;0.104849;0.103457;0.102648;0.101658;0.10107;0.100913;0.0997225;0.100022;0.0996995;0.0990834;0.0994097;0.0987177;0.0984739;0.0981542;0.0980736;0.0979719;0.0968997;0.0960642;0.0954587;0.0952063;0.0947248;0.0943272;0.094532;0.0939907;0.0938555;0.0936686;0.0936606
0.162426;0.137302;0.130815;0.123999;0.119922;0.116833;0.116046;0.114951;0.112952;0.111268;0.106701;0.105357;0.103084;0.10274;0.102095;0.100984;0.101767;0.100117;0.100037;0.0993139;0.0989673;0.0991143;0.0982317;0.0984;0.0984052;0.0977205;0.0981614;0.0972945;0.0966847;0.0958103;0.0953306;0.0949011;0.0944783;0.0939475;0.0939082;0.093907;0.0934418;0.093463;0.0931399
0.158862;0.137125;0.127739;0.122564;0.119984;0.117767;0.113229;0.113992;0.111014;0.111041;0.107973;0.105372;0.103038;0.102612;0.101359;0.10008;0.100417;0.100301;0.0990894;0.0984153;0.098789;0.0978591;0.0983216;0.0976533;0.0976498;0.0977922;0.0967897;0.0974104;0.0962264;0.0953697;0.0951748;0.0945951;0.0941615;0.0938162;0.0935273;0.0933807;0.093115;0.0930563;0.0929457
0.156896;0.133011;0.132545;0.121595;0.120647;0.117905;0.113186;0.112493;0.110513;0.111139;0.106405;0.104731;0.102941;0.101537;0.101445;0.100451;0.0997335;0.0990925;0.09947;0.0993159;0.0980855;0.0978986;0.0982313;0.0973982;0.0973716;0.0972687;0.0970614;0.0966733;0.0956477;0.0950224;0.0945264;0.0944232;0.0938555;0.0933177;0.0930753;0.0928592;0.0928419;0.0925839;0.0926534
0.156404;0.136985;0.129054;0.125217;0.120163;0.115221;0.113483;0.111815;0.110124;0.109677;0.106342;0.104529;0.10272;0.101853;0.10014;0.100085;0.0997592;0.0983203;0.0987154;0.098866;0.097672;0.0973688;0.0971834;0.0972921;0.0968945;0.0969823;0.0971223;0.0962597;0.0950172;0.0943875;0.0942714;0.0936706;0.0933906;0.092846;0.0927918;0.0924975;0.0923623;0.092245;0.0920686
0.155082;0.135008;0.126423;0.123126;0.119729;0.114972;0.113672;0.111834;0.110553;0.109762;0.1066;0.102933;0.10245;0.100832;0.100163;0.0996917;0.0988923;0.0991938;0.098222;0.0973599;0.097441;0.0970892;0.0967522;0.0967047;0.0967851;0.0963206;0.0959417;0.0961432;0.0950133;0.0944507;0.0935511;0.0933149;0.0928613;0.0925484;0.0923142;0.0920722;0.0919694;0.0920487;0.0917091
0.156164;0.136667;0.129157;0.119529;0.117325;0.116416;0.113585;0.110991;0.111337;0.109466;0.106048;0.103999;0.101122;0.10077;0.100324;0.0993185;0.0987108;0.0977684;0.098022;0.0972554;0.0975707;0.0971864;0.0967257;0.0963155;0.0963582;0.0957651;0.0955208;0.0954368;0.0944086;0.0940508;0.0933215;0.0929306;0.0923593;0.0924165;0.0917766;0.0917206;0.0916659;0.0916899;0.0913194
0.156443;0.134682;0.129256;0.119956;0.117565;0.114332;0.113982;0.110716;0.111713;0.109343;0.104986;0.102777;0.101036;0.100208;0.0994856;0.0983612;0.0986752;0.0975305;0.0973384;0.0971176;0.0963882;0.0960044;0.0964661;0.0964982;0.0957257;0.0951863;0.0953291;0.0956886;0.0939384;0.0934176;0.0927489;0.0925245;0.0921119;0.0918667;0.0915328;0.0914368;0.091298;0.0910855;0.0911214
0.159915;0.1327;0.123193;0.119665;0.116521;0.112985;0.111787;0.110735;0.108794;0.107932;0.104121;0.103447;0.101685;0.0999046;0.0994971;0.0980716;0.0983802;0.0974072;0.0972129;0.0962356;0.0960091;0.0958917;0.0961353;0.096174;0.0956744;0.0955529;0.0946336;0.0950002;0.0936058;0.0934725;0.092614;0.0922042;0.0919224;0.0914977;0.0914028;0.0912801;0.0908216;0.0905894;0.0906396
0.156716;0.13566;0.122309;0.12191;0.117281;0.114366;0.112832;0.108737;0.109955;0.108977;0.10463;0.103008;0.101075;0.0998307;0.09871;0.0984976;0.0973297;0.0977445;0.0966028;0.0960405;0.0958117;0.0957512;0.0959213;0.0954063;0.0949296;0.0941421;0.0945398;0.0944689;0.0932317;0.0929904;0.092413;0.0920198;0.0913407;0.0912345;0.0909517;0.0906226;0.0905258;0.0905081;0.0904313
0.155035;0.13322;0.125164;0.120563;0.115753;0.113122;0.112209;0.111708;0.108853;0.109821;0.103763;0.101102;0.100631;0.0989152;0.0987219;0.0978153;0.0979005;0.0963228;0.0960337;0.0957767;0.0954758;0.095621;0.0949848;0.0945037;0.0946424;0.0949442;0.0943107;0.0940907;0.0926276;0.0923951;0.0917744;0.0917233;0.0911087;0.0905774;0.0905126;0.0904109;0.0901267;0.0899822;0.089909
0.15006;0.132846;0.128822;0.120851;0.116483;0.11196;0.112495;0.109247;0.108004;0.10672;0.102933;0.10115;0.0999386;0.0988136;0.0980045;0.0968125;0.0958834;0.0965321;0.0956637;0.0954608;0.0951559;0.095049;0.0954549;0.0945357;0.094179;0.0944304;0.0939838;0.0939761;0.0924505;0.0918067;0.0915275;0.091041;0.0906904;0.0903276;0.0902741;0.0898162;0.0897754;0.0897708;0.0897791
0.153945;0.134956;0.124127;0.118157;0.117434;0.110791;0.111291;0.110732;0.109128;0.106632;0.103384;0.102593;0.0999488;0.0981988;0.0977551;0.0969153;0.0964935;0.0961086;0.0952688;0.0949263;0.0945658;0.0944656;0.0945593;0.0940813;0.0938434;0.0942009;0.093561;0.0937003;0.0922595;0.0920607;0.0910708;0.0907761;0.0904338;0.090043;0.0899197;0.0895742;0.089581;0.0892596;0.089251
0.150098;0.131409;0.124769;0.115887;0.112369;0.111745;0.109878;0.107751;0.107829;0.105586;0.103522;0.100501;0.0994782;0.0974713;0.0972629;0.0972052;0.0966853;0.0947332;0.0956791;0.0957125;0.0941703;0.0939278;0.094172;0.0934194;0.0937647;0.0930851;0.0930359;0.0931759;0.0918613;0.09151;0.0908577;0.0904875;0.0901833;0.0897515;0.0894158;0.0894502;0.0890151;0.0889103;0.0889684
0.152217;0.13205;0.125592;0.118055;0.114798;0.111877;0.11164;0.108415;0.10581;0.105076;0.102601;0.100388;0.0990859;0.0986033;0.0965207;0.0955967;0.0954059;0.0949134;0.0951423;0.0942459;0.0939574;0.093353;0.0936777;0.0938537;0.0932066;0.0928277;0.0925467;0.0928062;0.0912503;0.091119;0.0906139;0.0899523;0.0895924;0.0893654;0.0893171;0.0889289;0.0888516;0.0886614;0.0885323
0.151748;0.129595;0.127176;0.117436;0.11462;0.111687;0.109568;0.109131;0.106399;0.10516;0.101895;0.100032;0.0985247;0.0969872;0.0961585;0.0957432;0.0955911;0.0952101;0.0942092;0.0941249;0.0932236;0.0931745;0.0939393;0.0927526;0.0930674;0.0924162;0.09264;0.0924537;0.0909055;0.0906681;0.0902594;0.0897804;0.0892359;0.0891814;0.0887452;0.0885561;0.0885852;0.0882724;0.0882431
0.153018;0.131579;0.121893;0.119907;0.113676;0.109453;0.108524;0.10773;0.105786;0.104435;0.10134;0.0990461;0.0976062;0.0972067;0.0964886;0.0955163;0.0949405;0.0946464;0.0941983;0.0937233;0.0934461;0.0932835;0.0932967;0.0935542;0.0925361;0.0926914;0.0923716;0.0917281;0.0908208;0.0900931;0.0898794;0.0893889;0.0889975;0.0887492;0.0885372;0.0884227;0.0880857;0.0880195;0.0880133
0.152928;0.127646;0.122128;0.114104;0.113293;0.111153;0.108498;0.107753;0.105792;0.104714;0.101258;0.0987283;0.0979113;0.0965316;0.0955512;0.0947123;0.0939736;0.0939371;0.0938269;0.0931264;0.0933229;0.0927589;0.0924472;0.0925182;0.092172;0.0920025;0.0918522;0.0915331;0.0908421;0.0900143;0.0894295;0.0893055;0.0887868;0.0883022;0.0880737;0.0878493;0.0877439;0.0876759;0.0876523
0.151005;0.130268;0.119553;0.118446;0.112185;0.109592;0.109184;0.105893;0.10368;0.104204;0.0999055;0.0978842;0.0975012;0.096332;0.0952457;0.0947445;0.0935222;0.0945152;0.0938758;0.0928715;0.0930151;0.0925505;0.09221;0.0924236;0.0920219;0.0916659;0.091622;0.0911018;0.0901725;0.089366;0.0891716;0.0887219;0.0882735;0.0880495;0.0880758;0.0876578;0.0875478;0.0874067;0.0872753
0.156038;0.129404;0.121554;0.11784;0.111527;0.111256;0.107962;0.107423;0.105426;0.103792;0.100138;0.0978996;0.096475;0.0957458;0.0954696;0.0948245;0.0937604;0.093255;0.0929823;0.092691;0.0932053;0.0917587;0.0921854;0.091577;0.0918045;0.0911233;0.0914426;0.0906641;0.0897352;0.0893612;0.0890033;0.0885814;0.0878954;0.0876905;0.087686;0.0872319;0.0872843;0.0870595;0.087058
0.145793;0.127811;0.119076;0.115865;0.110805;0.11135;0.109765;0.106363;0.104261;0.103033;0.100527;0.0977982;0.0967419;0.0962769;0.0946706;0.094453;0.0933814;0.0931264;0.0928114;0.0929812;0.0918844;0.0922514;0.0920823;0.091493;0.0911758;0.0908998;0.0907409;0.0908005;0.0892646;0.089322;0.0885212;0.0882719;0.0877892;0.0873854;0.0872347;0.0868923;0.0869512;0.0867766;0.086787
0.151545;0.126407;0.118178;0.115355;0.110893;0.108971;0.106742;0.105305;0.104735;0.103305;0.100072;0.0979772;0.0962992;0.0946278;0.0948362;0.0938664;0.0933881;0.0934968;0.0925754;0.0925201;0.0918486;0.09124;0.0917281;0.0911652;0.0911645;0.0906566;0.090115;0.090502;0.0893886;0.0885968;0.0883057;0.0877156;0.0872435;0.0870183;0.0868303;0.086728;0.0865091;0.0864505;0.0863218
0.15582;0.129602;0.120127;0.115412;0.111016;0.108194;0.107066;0.105305;0.104454;0.103774;0.0999561;0.0977377;0.0958833;0.0947314;0.0939211;0.0931452;0.0937625;0.0928397;0.0921162;0.0922737;0.0913482;0.0909283;0.0908545;0.0904099;0.0904433;0.0900744;0.0899935;0.0896598;0.0888263;0.0883461;0.0880582;0.087693;0.0872585;0.0867598;0.0865593;0.0864492;0.0861716;0.0861401;0.0859214
0.148158;0.125149;0.120764;0.116118;0.110315;0.108134;0.106614;0.105221;0.102926;0.101639;0.0988641;0.097339;0.0959662;0.0946976;0.0937598;0.092974;0.0930884;0.0914501;0.0913742;0.0908535;0.09176;0.090822;0.0905334;0.0906381;0.0902495;0.0894988;0.0896527;0.089697;0.0885393;0.0882707;0.0874936;0.0872523;0.0868043;0.0864421;0.0861796;0.0862119;0.0858717;0.0858784;0.0857975
0.14579;0.127833;0.116954;0.114468;0.110962;0.107623;0.105543;0.102045;0.103599;0.101607;0.0991618;0.0978202;0.094982;0.0943735;0.0935172;0.093396;0.0921992;0.0923756;0.0913403;0.0912605;0.0910386;0.0899916;0.0902268;0.0900193;0.090229;0.089383;0.0897003;0.0896503;0.0882233;0.0875492;0.0873286;0.0869401;0.0864815;0.0863439;0.0859589;0.085768;0.0856007;0.0857359;0.0854899
0.141759;0.126861;0.118057;0.110717;0.109775;0.107024;0.105762;0.105;0.103121;0.10108;0.0989834;0.0960557;0.093975;0.0934226;0.0933094;0.0923265;0.0917808;0.0918743;0.0908823;0.0906569;0.0904416;0.090144;0.0898194;0.0899237;0.089431;0.0891823;0.089288;0.0891725;0.0882939;0.0871397;0.0870877;0.0865731;0.0865322;0.0858104;0.0858148;0.0853791;0.0853898;0.0854235;0.0850372
0.149362;0.126098;0.11693;0.114497;0.109115;0.106947;0.104136;0.103219;0.103212;0.100888;0.0978261;0.0957786;0.0951027;0.0929747;0.0924967;0.0919973;0.0917515;0.091169;0.0907323;0.0904595;0.0897613;0.090261;0.089698;0.0896906;0.0891467;0.0891824;0.0888203;0.088753;0.0873721;0.0871602;0.0865781;0.0862029;0.085967;0.0855621;0.0854838;0.0852151;0.0851249;0.084955;0.0849067
0.144543;0.127827;0.118527;0.110349;0.108158;0.107088;0.105043;0.104348;0.101677;0.102472;0.0973675;0.0958695;0.0936867;0.0934939;0.0927105;0.0913925;0.0916013;0.0906425;0.0910989;0.0904811;0.0906573;0.0896639;0.0899406;0.0888212;0.088946;0.0890256;0.0884618;0.0883224;0.0871318;0.0865522;0.0861796;0.0859854;0.0855753;0.0851911;0.0851978;0.0847908;0.0847735;0.0845366;0.0845691
0.146504;0.122952;0.116737;0.113087;0.106276;0.106098;0.105064;0.103875;0.101132;0.100205;0.0967682;0.0957662;0.0940095;0.0925956;0.091942;0.0913394;0.0910536;0.0909475;0.0898271;0.0897674;0.089546;0.0891963;0.0891932;0.0891524;0.0892516;0.0884571;0.0881687;0.0884151;0.0875074;0.0866117;0.0858334;0.0859863;0.0852035;0.0851351;0.0847431;0.0846885;0.0843537;0.0843102;0.0842613
0.146031;0.127887;0.115718;0.110995;0.107897;0.104229;0.102773;0.101841;0.103503;0.0999145;0.0977556;0.0949124;0.0938151;0.0931551;0.0917888;0.0908657;0.0908635;0.090459;0.089968;0.0892893;0.0890452;0.0895361;0.0885002;0.0890435;0.0888669;0.087906;0.088445;0.0877885;0.0869386;0.0861462;0.0857928;0.0851869;0.0849804;0.0848047;0.0845613;0.0841729;0.0842438;0.0841894;0.0841375
0.137226;0.123225;0.116128;0.111637;0.10672;0.105594;0.10488;0.101964;0.101732;0.100702;0.0959273;0.0940258;0.0933627;0.092537;0.0921287;0.090751;0.0903352;0.0895723;0.0893192;0.0894971;0.0887766;0.0888001;0.0886909;0.0887445;0.0881253;0.0877627;0.0878255;0.0876431;0.0865649;0.0857593;0.0855679;0.0851361;0.0849648;0.084441;0.0841823;0.084119;0.0839585;0.0838239;0.0836259
0.141128;0.122079;0.114469;0.110319;0.106424;0.105372;0.103502;0.10128;0.10034;0.098699;0.0964523;0.0934501;0.0940034;0.0925527;0.091497;0.0903058;0.0896969;0.0891778;0.089202;0.0892527;0.0886948;0.0882446;0.0881849;0.0891118;0.0878667;0.0877103;0.0876328;0.087301;0.0865546;0.0854734;0.085471;0.0849922;0.0844342;0.0842142;0.0838885;0.0838341;0.0836442;0.0835962;0.0833741
0.14643;0.123636;0.116031;0.110365;0.106464;0.103346;0.102012;0.102069;0.101819;0.0995928;0.0954232;0.0941639;0.0929193;0.0919135;0.0904843;0.0900853;0.0894886;0.0894053;0.0884776;0.0882704;0.0887;0.0880421;0.0883088;0.0877082;0.0876836;0.0872074;0.0875601;0.0871015;0.086202;0.0853212;0.0847447;0.0843198;0.0843628;0.0837046;0.0834838;0.083402;0.0834363;0.0832356;0.0830498
0.142263;0.123077;0.112975;0.111651;0.108317;0.102774;0.100948;0.102608;0.0987816;0.0993814;0.0951999;0.0935912;0.0922475;0.0916372;0.0904061;0.0902032;0.089742;0.0894786;0.0884711;0.0880784;0.0885493;0.0874811;0.0879259;0.0872296;0.0874415;0.0867552;0.0870295;0.0869247;0.0856599;0.0850994;0.0850696;0.0841642;0.0839496;0.0835653;0.0834588;0.0832736;0.0831712;0.0828939;0.0828153
0.139364;0.119837;0.11643;0.109216;0.107453;0.10415;0.102471;0.102125;0.100948;0.0991618;0.0950749;0.0937914;0.0911258;0.0902845;0.0902273;0.0892129;0.0892335;0.088407;0.0886063;0.0883319;0.0874623;0.0872804;0.0870928;0.086849;0.0867619;0.0870247;0.0865071;0.0865777;0.0854507;0.0844947;0.0842179;0.0840596;0.0837979;0.0832302;0.08316;0.0829876;0.0828222;0.0826459;0.0825304
0.139989;0.121101;0.114564;0.109642;0.104203;0.104096;0.101981;0.0991523;0.099914;0.0992404;0.0966874;0.0933552;0.0915831;0.090554;0.0897885;0.0888149;0.0888574;0.0882066;0.0878066;0.0876592;0.0872532;0.0871481;0.0871591;0.0870905;0.0869835;0.086461;0.0862443;0.0860294;0.0850716;0.0846699;0.0841104;0.0837158;0.0834248;0.0830197;0.0827875;0.0826297;0.0824689;0.0823367;0.0823158
0.13965;0.125764;0.113002;0.109689;0.105871;0.104259;0.101263;0.101327;0.0978106;0.0978719;0.0936173;0.0921562;0.0913352;0.0918079;0.0905638;0.0898203;0.0884757;0.0879777;0.0875303;0.0874194;0.0869015;0.0870871;0.0865875;0.0865317;0.0866113;0.08654;0.0864954;0.0861678;0.084874;0.0842394;0.0840383;0.083585;0.0831608;0.0829531;0.0825295;0.0824067;0.0821358;0.0822916;0.0819292
0.139441;0.12199;0.111556;0.11202;0.105899;0.102949;0.1006;0.100229;0.0979428;0.0982644;0.0945701;0.0927394;0.0913024;0.090426;0.0896151;0.0882693;0.0893482;0.0878884;0.0879057;0.0877692;0.0867495;0.0864996;0.0864635;0.0864646;0.0859474;0.0859276;0.0857901;0.0855493;0.0845071;0.0837065;0.083468;0.0832587;0.0830847;0.0824703;0.0822942;0.0820954;0.0819874;0.0820364;0.0818493
0.141587;0.126114;0.112317;0.108429;0.105144;0.104225;0.102209;0.0999399;0.0987807;0.0976176;0.0947454;0.0918383;0.0914377;0.0890492;0.089802;0.0889182;0.0880508;0.087539;0.0873828;0.0870096;0.0866259;0.0861915;0.0861823;0.0866232;0.0857271;0.0861198;0.0855024;0.0852513;0.0841907;0.0835496;0.0833735;0.0829002;0.0827364;0.0823056;0.0820692;0.0818341;0.0818547;0.0817524;0.0815517
0.138024;0.124481;0.113854;0.105994;0.108025;0.103347;0.100714;0.0987426;0.0992312;0.0990015;0.0942071;0.0915928;0.0905701;0.0902048;0.0890272;0.088163;0.0878006;0.0870537;0.0865622;0.0862339;0.0864805;0.0861105;0.0861161;0.0859482;0.0860284;0.0855897;0.0849419;0.0846354;0.0840488;0.083458;0.0829273;0.0827268;0.082321;0.0822781;0.081913;0.0816067;0.0814197;0.0813493;0.0812343
0.136078;0.120588;0.114866;0.105117;0.105413;0.101448;0.0992586;0.0998761;0.0978051;0.0972537;0.0943843;0.0917226;0.0909298;0.0892513;0.0880943;0.0881884;0.0874021;0.0867508;0.0866451;0.0865975;0.086074;0.0856284;0.0857222;0.0856478;0.0853525;0.0849061;0.0848959;0.0847348;0.0838973;0.0831639;0.0827786;0.0823105;0.0820397;0.081766;0.0815482;0.0814987;0.0812376;0.0810303;0.0810045
0.139158;0.119933;0.10983;0.106606;0.105653;0.103887;0.0997175;0.0984004;0.0983092;0.0966289;0.093982;0.0913631;0.0894665;0.089016;0.0881429;0.0875902;0.0871193;0.0866468;0.0866756;0.0855604;0.0858188;0.0855221;0.0854543;0.0850102;0.0850076;0.0846968;0.0846318;0.084694;0.0834846;0.0829115;0.0823831;0.0821031;0.0815437;0.0813728;0.0811999;0.0811836;0.0810432;0.0808457;0.0807872
0.139848;0.118005;0.111208;0.107543;0.103606;0.102149;0.0995676;0.0984593;0.0964916;0.0975366;0.093119;0.0914648;0.0896752;0.0890923;0.0883351;0.0876329;0.0874993;0.0865904;0.0866964;0.0859787;0.085342;0.0854767;0.0852645;0.085391;0.0845541;0.0845339;0.0841385;0.0839574;0.0828568;0.0827963;0.0821771;0.0819304;0.0813689;0.081147;0.0809126;0.0807387;0.0807511;0.0804894;0.0805573
0.139426;0.119247;0.109863;0.106701;0.105678;0.10204;0.0997082;0.0972913;0.0947583;0.0967625;0.093047;0.0914881;0.0897372;0.0885984;0.0877805;0.0874158;0.0868737;0.0859106;0.0855976;0.0853258;0.0853619;0.0853376;0.0847103;0.0852833;0.0845595;0.0844192;0.083835;0.0840978;0.082979;0.0824982;0.0821482;0.081829;0.0812797;0.080973;0.080929;0.0806471;0.080417;0.0802394;0.0803283
0.14265;0.116263;0.109709;0.107487;0.102779;0.101376;0.0980996;0.0968902;0.0959504;0.0974075;0.0938503;0.0898902;0.0895439;0.0887243;0.0881457;0.0868706;0.0864374;0.0860211;0.0858195;0.0857322;0.0850463;0.0851867;0.0846189;0.0846386;0.0841491;0.0842299;0.0839207;0.0838404;0.0826589;0.0822839;0.0819068;0.0813749;0.0809844;0.0808506;0.0805868;0.0804048;0.0801428;0.0801571;0.0799639
0.133693;0.117339;0.10959;0.104516;0.102506;0.100917;0.101086;0.0973847;0.0957129;0.095456;0.0927422;0.0905589;0.0898261;0.0876474;0.0868351;0.0867102;0.0862926;0.0860499;0.0853342;0.0851822;0.0845846;0.084739;0.0841408;0.0841212;0.0839721;0.0835108;0.0839319;0.0836141;0.0825587;0.0817779;0.0812103;0.080992;0.0806873;0.0803491;0.0803056;0.0802488;0.0800247;0.0797329;0.0796954
0.137592;0.116499;0.109356;0.106492;0.102575;0.101585;0.0982279;0.0992932;0.0977053;0.0959692;0.0915953;0.0895213;0.0884692;0.0873684;0.0865264;0.0859742;0.0863235;0.0854911;0.0850601;0.0845848;0.0841801;0.0838466;0.0836138;0.0840432;0.0838441;0.0833496;0.0833372;0.0829915;0.0820203;0.0815545;0.0811294;0.0808453;0.0807203;0.0800636;0.0800355;0.0798623;0.0796136;0.0794708;0.0796329
0.134615;0.123824;0.109079;0.105205;0.101856;0.100586;0.0970391;0.0965674;0.0958577;0.0946421;0.0923816;0.090582;0.0886834;0.0874213;0.0874205;0.0863314;0.085729;0.0849802;0.0845684;0.0846569;0.0842301;0.0839334;0.0837093;0.0841064;0.0836154;0.0831081;0.0830803;0.0831993;0.0818782;0.0812167;0.0810778;0.0806926;0.0804547;0.0799833;0.0797513;0.0796866;0.0794764;0.0795387;0.0792395
0.137688;0.119349;0.111979;0.107477;0.101176;0.0986483;0.099333;0.0961372;0.0959363;0.0945654;0.0905892;0.0886091;0.0880486;0.0870329;0.0867208;0.0855125;0.0853112;0.0852641;0.0846775;0.0839176;0.08399;0.0835959;0.083785;0.0836244;0.0830285;0.0830885;0.0831386;0.0824701;0.0818034;0.0813797;0.080799;0.0802943;0.0801868;0.0796773;0.0796159;0.0794084;0.0794318;0.0791326;0.0789797
0.129157;0.116298;0.109291;0.106705;0.100685;0.0999348;0.0976739;0.0965755;0.0952274;0.0947829;0.0910279;0.0896895;0.0871243;0.0862396;0.0867818;0.0851378;0.0851627;0.0849324;0.0847617;0.0843763;0.083709;0.0836113;0.0830828;0.083377;0.0829785;0.082738;0.082531;0.0824876;0.0813989;0.0809504;0.0802077;0.0801693;0.0797988;0.0796174;0.0792906;0.0791864;0.0789909;0.0788921;0.0788805
0.13558;0.116245;0.112199;0.103797;0.0998049;0.10107;0.0967271;0.0966461;0.0954934;0.094615;0.0921502;0.0897308;0.0878072;0.0864629;0.0858667;0.0855742;0.0843613;0.0844959;0.0839667;0.0838611;0.0833905;0.0837683;0.0832084;0.0827037;0.0825773;0.0826022;0.0827208;0.0821436;0.081135;0.0805578;0.0801896;0.0797286;0.0793938;0.0792628;0.0789845;0.0787992;0.0787495;0.0787123;0.0784635
0.133612;0.120898;0.106985;0.10118;0.1;0.0984;0.0964185;0.0968141;0.0951716;0.0937185;0.0900886;0.0891158;0.0867376;0.0861673;0.085303;0.0851388;0.0842301;0.084111;0.0841992;0.0840411;0.0832981;0.0828836;0.0825645;0.0822022;0.0825319;0.0822585;0.0817859;0.0817257;0.0805632;0.0802504;0.0800156;0.0796978;0.079239;0.0790216;0.0788483;0.078748;0.0784154;0.0784393;0.0783622
0.137366;0.115294;0.106127;0.102217;0.101256;0.0998528;0.0964243;0.0961032;0.0940773;0.0923996;0.0902269;0.0887633;0.0879085;0.0857982;0.0856661;0.0848981;0.0848021;0.0847168;0.084059;0.0834001;0.0835648;0.0830162;0.0827111;0.0824714;0.0823603;0.0816893;0.0822883;0.0820055;0.08092;0.0803093;0.080055;0.079404;0.0790557;0.0788986;0.078732;0.0784692;0.0783494;0.0781007;0.0781203
0.135447;0.11474;0.109773;0.102637;0.0994995;0.0984512;0.0955553;0.0968914;0.0927872;0.0941414;0.088658;0.0882211;0.0868438;0.0861187;0.0852788;0.0845154;0.0844951;0.0835145;0.0829624;0.0830597;0.0830685;0.08259;0.0827826;0.0817282;0.0824176;0.0816426;0.0816264;0.0816781;0.0805338;0.079773;0.079494;0.0793794;0.0788192;0.0785768;0.0785098;0.0782231;0.0780852;0.0780697;0.077912
0.135076;0.112567;0.10919;0.10466;0.100349;0.0980726;0.0960402;0.0950186;0.0950543;0.0935673;0.0908454;0.0880146;0.0862999;0.0861103;0.08528;0.0839582;0.0840599;0.0839727;0.0839197;0.0829965;0.0821473;0.0825385;0.0821098;0.0815395;0.0818778;0.0812243;0.0813272;0.0812377;0.0801971;0.0796665;0.0793016;0.0791089;0.0786066;0.078663;0.0781108;0.0778956;0.0779616;0.0777619;0.0777381
0.135817;0.116287;0.10649;0.102673;0.10014;0.0991445;0.0959377;0.0946134;0.0945803;0.092509;0.0902751;0.0884375;0.08617;0.0861372;0.0849333;0.0849339;0.0835635;0.0830366;0.0828051;0.0823008;0.082009;0.08183;0.0820397;0.0816233;0.0810634;0.0811976;0.0817756;0.0811391;0.0804359;0.079461;0.0793283;0.0786491;0.0782192;0.0782288;0.0779416;0.0776992;0.0777559;0.0775183;0.0774681
0.134945;0.11678;0.104693;0.10288;0.101762;0.0978902;0.0961318;0.095436;0.0939255;0.0929526;0.0894269;0.0871551;0.0868297;0.0844704;0.0845332;0.0838295;0.0832533;0.0823145;0.0834679;0.0820809;0.0822538;0.0818811;0.0814354;0.0814364;0.0817107;0.081223;0.0810632;0.0804614;0.079685;0.0793771;0.0789992;0.078451;0.0781974;0.0778858;0.0777608;0.0776125;0.0774036;0.0773626;0.0773028
0.133084;0.114526;0.108831;0.101928;0.100164;0.096127;0.0949717;0.0950183;0.0933518;0.0917829;0.0880688;0.0865385;0.0852565;0.084535;0.0841377;0.0833181;0.0832148;0.082842;0.0824688;0.0821267;0.0823255;0.0815762;0.0813573;0.0817396;0.0807896;0.0811625;0.0807927;0.0805295;0.0796801;0.0793441;0.0789196;0.0783563;0.0778625;0.0777379;0.0774711;0.0775;0.0771015;0.0771972;0.0770997
0.131878;0.114749;0.109795;0.100469;0.09988;0.0962861;0.095318;0.0935438;0.0922803;0.0916543;0.088844;0.0865438;0.0863025;0.0841736;0.0839314;0.0843566;0.0828376;0.0828091;0.0819004;0.0824546;0.0814374;0.0811643;0.0817635;0.080994;0.0810874;0.0804072;0.0804555;0.080304;0.0794717;0.0789707;0.0784786;0.0780763;0.0776949;0.0777104;0.0772044;0.0771718;0.0769849;0.0768703;0.0769207
0.12927;0.115156;0.104757;0.100367;0.0977806;0.0951925;0.0944035;0.0943301;0.0921756;0.0916819;0.0890959;0.0868637;0.0859617;0.0846145;0.0834193;0.0824284;0.08269;0.0819808;0.082243;0.0818061;0.0818151;0.0806112;0.0810165;0.0807558;0.0807727;0.080255;0.0801722;0.0803053;0.0794196;0.0785889;0.0781466;0.0778801;0.0776033;0.0771189;0.0769861;0.0769015;0.0767736;0.0767203;0.0766097
0.13326;0.112125;0.105886;0.10107;0.0971995;0.0967011;0.0947144;0.0929755;0.092181;0.0919423;0.0887416;0.0867508;0.0859067;0.0841545;0.0833498;0.0831068;0.0827515;0.0825199;0.0816421;0.0810252;0.0809415;0.0808178;0.0808312;0.080459;0.0800346;0.0801115;0.0798833;0.0800649;0.0788289;0.078106;0.0779317;0.0778723;0.0772535;0.0768736;0.0769578;0.0766041;0.076408;0.0765251;0.0762786
0.128033;0.116127;0.103756;0.100531;0.0988867;0.0965663;0.0939352;0.0930881;0.092511;0.0910396;0.0889957;0.0856583;0.0861973;0.0837781;0.0832463;0.0822155;0.0827592;0.0824635;0.0818063;0.0813699;0.0811252;0.0803441;0.080809;0.0802649;0.0800153;0.0799579;0.0802763;0.0796347;0.0789064;0.0781016;0.0777619;0.0773189;0.0771488;0.0768807;0.0766527;0.0764856;0.0763786;0.0762202;0.0762097
0.135698;0.111222;0.106105;0.100847;0.0970874;0.0958178;0.0953349;0.0934287;0.0917931;0.0915847;0.0883301;0.0864498;0.0845945;0.0833789;0.0839451;0.0832045;0.0816355;0.0814452;0.0812516;0.0809851;0.0807379;0.0803934;0.0803749;0.0803078;0.0797799;0.0793604;0.0791584;0.0791053;0.0787703;0.07777;0.0775211;0.0772909;0.0767995;0.076725;0.0763113;0.0761727;0.0761437;0.0761608;0.0758987
0.128771;0.112062;0.10604;0.100796;0.0960653;0.0966815;0.0939695;0.0929757;0.0899413;0.0914649;0.0880819;0.0849027;0.0845696;0.08327;0.0817439;0.0829828;0.0818197;0.0812782;0.0813621;0.0804094;0.0799677;0.0804012;0.0803246;0.0798875;0.079491;0.0796306;0.0795988;0.0793664;0.0780378;0.0776002;0.0772079;0.0770585;0.0766996;0.0765563;0.0761759;0.0759851;0.0758794;0.0758065;0.0757873
0.130442;0.109005;0.103498;0.101024;0.0981154;0.0961287;0.0937198;0.0935917;0.0910228;0.0907016;0.0869388;0.0849568;0.0850337;0.08274;0.0822153;0.0817017;0.0822501;0.0809715;0.0808692;0.081114;0.0797732;0.0802106;0.0798216;0.079942;0.0793686;0.0793164;0.0792658;0.0788491;0.0782632;0.0775384;0.0769678;0.076937;0.0766066;0.0761276;0.0759185;0.075862;0.0757211;0.0755933;0.075546
0.127322;0.113548;0.102677;0.100953;0.0970893;0.0931002;0.0947026;0.092411;0.0898788;0.0899262;0.0864825;0.0860517;0.0836253;0.0835615;0.0822619;0.081882;0.0813062;0.0809987;0.0804055;0.0806895;0.0797484;0.0801929;0.0796143;0.0788772;0.0792985;0.0790028;0.0789806;0.0790216;0.0778769;0.0773315;0.0766938;0.0766958;0.0762181;0.0761317;0.0758011;0.0755273;0.0754293;0.0753623;0.0753676
0.127703;0.108185;0.103981;0.0994205;0.0976934;0.0940929;0.0936857;0.0926287;0.0917095;0.0908002;0.0865805;0.0860215;0.0831788;0.0821122;0.0825599;0.0814892;0.081837;0.0805157;0.0805283;0.0798053;0.0797253;0.0797493;0.0791949;0.0789478;0.0786804;0.078785;0.0788079;0.0787382;0.0776102;0.0770816;0.0766163;0.0764051;0.0760338;0.0757423;0.0756005;0.0753954;0.0752742;0.0751761;0.0751447
0.12385;0.110929;0.10371;0.0993003;0.096649;0.0947033;0.0924147;0.0913788;0.0903034;0.0890935;0.0871466;0.0853673;0.0830557;0.0823473;0.0818391;0.0814391;0.0815191;0.0806276;0.0801703;0.080222;0.0795223;0.0793128;0.0795174;0.0790367;0.0788555;0.0788178;0.0783839;0.0783842;0.0773829;0.0767444;0.0764763;0.0762444;0.0759939;0.0755301;0.0754205;0.0751139;0.075072;0.0749192;0.0749175
0.128258;0.109296;0.101715;0.099635;0.0951576;0.0949739;0.0917074;0.0903262;0.0901646;0.0904697;0.0869796;0.0843337;0.0839526;0.0829335;0.0818929;0.0810237;0.0807405;0.0810547;0.0807907;0.0794876;0.0796647;0.0794976;0.0790813;0.0785377;0.0786965;0.0782235;0.0781148;0.0777939;0.0774476;0.0767426;0.0763416;0.0758634;0.0755225;0.0754037;0.0750499;0.0752244;0.0748952;0.0747563;0.0748038
0.130593;0.109841;0.102478;0.0988542;0.0953458;0.0925708;0.0924311;0.0907764;0.0902168;0.0894596;0.0861967;0.0844402;0.0833179;0.081717;0.0811532;0.0813877;0.080466;0.079695;0.0794479;0.0797864;0.0789638;0.0789302;0.0786918;0.0786583;0.0780483;0.078416;0.077886;0.0777712;0.0768423;0.0764925;0.0760343;0.0758704;0.0754888;0.0751462;0.0749259;0.0747818;0.0746433;0.0745336;0.0744206
0.128017;0.110379;0.102134;0.0968453;0.0952189;0.0945373;0.0924195;0.0908243;0.0894482;0.0887468;0.0868011;0.0836883;0.0821182;0.0818865;0.0816739;0.0808086;0.0801832;0.079827;0.080027;0.079341;0.078685;0.0789945;0.0790718;0.0786681;0.0779151;0.0783297;0.0780045;0.0780541;0.076721;0.0761741;0.0758539;0.0757518;0.0751441;0.0747863;0.0747713;0.074589;0.0746599;0.0743608;0.0743266
0.126839;0.108595;0.100522;0.098184;0.0950859;0.0938708;0.0921931;0.0910184;0.0886919;0.0892592;0.0851453;0.0843849;0.0826114;0.0818298;0.080961;0.0808557;0.0800614;0.0795675;0.0793031;0.0788361;0.0788768;0.0784968;0.0783041;0.0780275;0.078064;0.0777724;0.0775522;0.0773843;0.0766397;0.0761002;0.0757817;0.0755126;0.075136;0.0748354;0.074619;0.0745381;0.0742701;0.074322;0.0741948
0.129976;0.108938;0.102332;0.0987499;0.0935614;0.0934346;0.0909717;0.091277;0.0894857;0.088376;0.0861886;0.0838788;0.0820408;0.0817254;0.0810039;0.080324;0.0797685;0.079181;0.0789555;0.0789443;0.078757;0.0785647;0.078064;0.0788248;0.0779585;0.0774626;0.0774708;0.0773072;0.076377;0.0760547;0.0753945;0.075262;0.0754682;0.0743344;0.0743329;0.0742532;0.0740436;0.0739304;0.0738973
0.132184;0.112648;0.102943;0.098711;0.0965044;0.0928942;0.0912563;0.0915737;0.0890117;0.0882441;0.0854608;0.0827399;0.0817787;0.0817568;0.0807587;0.0799123;0.0796798;0.0791404;0.0792838;0.0783947;0.0783311;0.0779595;0.0779619;0.077687;0.0774832;0.0774221;0.077005;0.0772965;0.0760982;0.075605;0.0751785;0.0751245;0.0748792;0.0745356;0.0742031;0.0739849;0.0740168;0.0737316;0.0736822
0.125674;0.110138;0.101039;0.0979332;0.0957288;0.0935879;0.0910306;0.0897733;0.0880718;0.0884121;0.0845528;0.0831234;0.0824626;0.0809109;0.0803401;0.0795195;0.0797291;0.0793632;0.0784202;0.0787365;0.0783009;0.0778544;0.0779898;0.0776202;0.0775338;0.077166;0.0770475;0.0769994;0.0760683;0.0752329;0.0752288;0.0747906;0.0745343;0.0743727;0.0740226;0.0737883;0.0736414;0.07364;0.0735284
0.128312;0.108318;0.101312;0.0979382;0.0951065;0.093707;0.0917792;0.0890979;0.0889658;0.0856234;0.0838716;0.083407;0.0815504;0.0807775;0.0796038;0.0798914;0.079548;0.0785776;0.0785729;0.0789666;0.0781826;0.0776879;0.0776012;0.0773784;0.0774345;0.0767047;0.0768759;0.0766605;0.0759805;0.0751045;0.0751045;0.0747774;0.074086;0.07406;0.0737466;0.0736866;0.0735751;0.0735149;0.07333
0.129297;0.106558;0.102376;0.0963665;0.0943078;0.0923499;0.0916959;0.089429;0.087382;0.0863493;0.0845587;0.0830585;0.0816599;0.0806703;0.0797864;0.0792016;0.0789081;0.0785588;0.0783415;0.0779719;0.0778693;0.0774947;0.0776513;0.0770912;0.0773179;0.0771539;0.0767521;0.076454;0.0755285;0.0753425;0.074717;0.0746314;0.0741591;0.0736181;0.0735837;0.0736264;0.0734258;0.0732788;0.0731175
0.124402;0.105935;0.102738;0.0961995;0.0931574;0.0922586;0.0903874;0.0885173;0.0882645;0.0864771;0.0842507;0.0826773;0.0814683;0.0807844;0.0796067;0.0791018;0.0787297;0.0785474;0.0778358;0.0781592;0.0772392;0.0775616;0.076827;0.0771343;0.0767251;0.076483;0.0765909;0.076291;0.0754866;0.07509;0.0745649;0.0741786;0.0737886;0.0735591;0.0733198;0.0732481;0.0732698;0.0731218;0.0729626
0.129817;0.108137;0.0993261;0.0943324;0.0942526;0.0917997;0.0908508;0.0876588;0.0887652;0.0875208;0.0831697;0.0823537;0.080241;0.0803785;0.0796459;0.0792331;0.0786753;0.0782443;0.0779304;0.0777703;0.0772616;0.0770005;0.0769219;0.0766569;0.0768041;0.0769482;0.0762818;0.076357;0.0753293;0.0745611;0.0744198;0.0738951;0.0737517;0.0734652;0.0731963;0.0731741;0.0729811;0.0728902;0.072791
0.122139;0.110387;0.101511;0.0960425;0.0951352;0.092295;0.0885846;0.0881236;0.087805;0.0863715;0.0839981;0.0818824;0.0814979;0.080823;0.0790885;0.0791334;0.0788333;0.0778557;0.0777488;0.0774774;0.0772057;0.0773115;0.0766707;0.0769023;0.0759836;0.0761657;0.0762072;0.0757251;0.0752146;0.0744719;0.0741273;0.0738458;0.073277;0.0732692;0.0731041;0.0729381;0.0727946;0.0726377;0.0725884
0.124317;0.104218;0.100904;0.0963147;0.0956472;0.0914466;0.0910672;0.0884925;0.087223;0.0875128;0.0834659;0.0820757;0.0807519;0.0800252;0.078939;0.0788162;0.0779799;0.0780261;0.077355;0.0774052;0.0766573;0.0768177;0.0761744;0.0761986;0.0763095;0.0763236;0.0757886;0.0759044;0.0750142;0.074435;0.0741081;0.0737068;0.0735061;0.0730234;0.0728639;0.0726425;0.0725228;0.0724968;0.0725008
0.127203;0.106872;0.0998794;0.0956267;0.0918097;0.090095;0.0899053;0.0893419;0.0881688;0.0870033;0.0831628;0.081943;0.0806202;0.0791679;0.0785901;0.0782747;0.077773;0.0774336;0.077238;0.0773705;0.0763521;0.0769023;0.0763322;0.0762909;0.0760217;0.075727;0.0758534;0.0756464;0.074617;0.0741173;0.0737328;0.0734357;0.0730202;0.0730088;0.0727774;0.0724668;0.0723462;0.0722752;0.0722665
0.122789;0.109019;0.0986871;0.0947872;0.0919615;0.0912317;0.0907431;0.0887701;0.0871607;0.0854648;0.0830153;0.0811179;0.0800338;0.0792254;0.0786305;0.0786496;0.0777534;0.077456;0.0780007;0.0766905;0.0770207;0.076666;0.0766322;0.0760853;0.0757785;0.0757707;0.0754911;0.0753232;0.0746435;0.0739631;0.0735578;0.0733733;0.0729151;0.0725795;0.0724921;0.0723432;0.072305;0.072203;0.0721044
0.12268;0.105965;0.0983472;0.0964771;0.0916196;0.0913131;0.0900784;0.0880643;0.0856308;0.0853668;0.08303;0.0809944;0.0805166;0.0799128;0.0788451;0.0779882;0.0779586;0.0772791;0.0768966;0.0761186;0.0766162;0.0761415;0.075557;0.0752392;0.0759576;0.0753656;0.0750443;0.0750845;0.0743476;0.0734465;0.0733936;0.073096;0.0728706;0.0726167;0.0722741;0.0721779;0.0720069;0.0720138;0.0718227
0.121284;0.109074;0.102288;0.0952891;0.0920363;0.0898712;0.0884018;0.0874694;0.086254;0.0850747;0.0822447;0.0805554;0.0797987;0.0791642;0.0786511;0.0770423;0.0767716;0.0769581;0.0771889;0.0763537;0.0761705;0.0756167;0.0762806;0.0759444;0.0755945;0.0751309;0.0750591;0.0753259;0.0740649;0.0738316;0.0734673;0.0731743;0.072591;0.072352;0.0722539;0.0720763;0.0718757;0.0717853;0.07167
0.127209;0.107389;0.0994601;0.0943191;0.0919745;0.0920391;0.0893355;0.0880135;0.0860672;0.084746;0.0824319;0.0810756;0.0802061;0.0783463;0.0779576;0.0773829;0.0773242;0.0763647;0.0765157;0.0756298;0.076338;0.0757545;0.0754041;0.0756214;0.0747251;0.0754632;0.0752797;0.0747061;0.0740309;0.0735408;0.0730681;0.0727546;0.0722889;0.0721895;0.0720716;0.0718083;0.0717172;0.0715941;0.0714642
0.123738;0.105946;0.0989249;0.0935956;0.0908481;0.0910974;0.088693;0.0887614;0.0859492;0.0860862;0.0817864;0.0805872;0.0791964;0.0785715;0.0776526;0.0779749;0.0773288;0.0767651;0.076887;0.0759612;0.0757464;0.0758791;0.0749357;0.0750503;0.0751146;0.0748537;0.0748922;0.0744102;0.0737778;0.0734441;0.0729161;0.0724802;0.0722141;0.0719739;0.0717456;0.0716523;0.0715529;0.0714317;0.071303
0.123332;0.104552;0.0996387;0.0941982;0.0923234;0.090825;0.0883334;0.0867558;0.0867785;0.0843631;0.0819784;0.0804778;0.0797601;0.0784217;0.0778183;0.0771944;0.0769469;0.076595;0.0761644;0.0758232;0.0757901;0.0752451;0.0751297;0.0751153;0.0749792;0.0745104;0.0744984;0.0744141;0.0737586;0.0730312;0.0726862;0.0723355;0.0720317;0.0717035;0.0716098;0.0713475;0.0715005;0.0713093;0.071131
0.122212;0.106257;0.0976004;0.094666;0.0908592;0.0889202;0.0892774;0.0872485;0.0862488;0.0838917;0.0825666;0.0805673;0.0789428;0.0779966;0.0777445;0.0772351;0.0771994;0.0760767;0.0760063;0.0754907;0.0758705;0.0750897;0.0751163;0.0748586;0.075154;0.0746221;0.0741138;0.0744693;0.0733942;0.0727241;0.0726636;0.0722522;0.0718415;0.0715527;0.0713176;0.071209;0.071161;0.0710942;0.0709217
0.117394;0.105286;0.0962268;0.0955462;0.0918861;0.0888373;0.0873618;0.0863529;0.085172;0.084405;0.082525;0.080761;0.0792163;0.0787034;0.077194;0.0766701;0.0767824;0.0763255;0.0761683;0.075721;0.0755408;0.0752236;0.0746814;0.0745884;0.0741836;0.0741519;0.0742816;0.0740365;0.0730284;0.0724975;0.0722574;0.0721411;0.0719676;0.0716902;0.0712957;0.0711683;0.0710662;0.070797;0.0708363
0.128601;0.107427;0.0974454;0.0936245;0.0916054;0.088851;0.0879689;0.0870811;0.084362;0.0849131;0.0835685;0.0803866;0.079565;0.077943;0.0777285;0.077029;0.076846;0.0757294;0.0752104;0.0755604;0.0745776;0.0748523;0.0747033;0.0747184;0.0745673;0.0738966;0.0740845;0.073742;0.0731766;0.0724147;0.0721227;0.0718816;0.0716119;0.0713625;0.0711078;0.0709788;0.0707935;0.0708157;0.070774
0.12284;0.105904;0.0986845;0.0944718;0.0906963;0.0892511;0.0882146;0.0857788;0.0864866;0.0854377;0.0819384;0.0801563;0.0788905;0.0779237;0.0771211;0.0767861;0.0758876;0.0757375;0.0753349;0.0752777;0.0747452;0.0745899;0.0743608;0.0743577;0.0741895;0.074154;0.0736985;0.0739779;0.0726868;0.0723074;0.0720562;0.0717599;0.0713157;0.0712375;0.0709195;0.0709085;0.0706083;0.0706437;0.0705774
0.117261;0.104691;0.0974942;0.0927137;0.0907647;0.0897307;0.0875756;0.0857909;0.0850467;0.0844804;0.080462;0.0797652;0.077914;0.0770892;0.0772503;0.0766888;0.0764574;0.0754473;0.0755801;0.0749222;0.0746306;0.0742004;0.0745136;0.0745035;0.0741226;0.0737484;0.0739614;0.0735391;0.0725961;0.0721987;0.0718127;0.0715207;0.0712075;0.0711136;0.0708581;0.0705075;0.0705257;0.0704271;0.0703715
0.122682;0.104098;0.0953229;0.0942712;0.0903437;0.0882955;0.0877083;0.0873426;0.0845244;0.0856734;0.0811814;0.0790675;0.0780455;0.0779729;0.0763048;0.0762065;0.075671;0.076094;0.0752437;0.0743579;0.0746358;0.0742488;0.0740135;0.0740787;0.0739053;0.0736582;0.0734536;0.0735331;0.0727411;0.072265;0.0717127;0.0714326;0.0711138;0.0707388;0.070622;0.0703434;0.0703474;0.0703388;0.0701337
0.115226;0.101582;0.0952385;0.0939;0.0889653;0.0880537;0.0873747;0.0836371;0.0845548;0.0836419;0.0807185;0.0787038;0.0781815;0.0772725;0.0762412;0.075599;0.0750798;0.075315;0.0745972;0.0747391;0.0744971;0.0742291;0.0740601;0.0737574;0.0738963;0.0738827;0.0733704;0.0729565;0.0727921;0.0715988;0.0714727;0.0710161;0.0707705;0.0706999;0.0704006;0.0702182;0.0701452;0.0701287;0.0699459
0.11806;0.104524;0.0974483;0.0931639;0.0893761;0.0891305;0.0854947;0.0849508;0.0836679;0.0834433;0.0799615;0.0791572;0.0776285;0.0772205;0.0763835;0.0755034;0.0753551;0.0755342;0.0748462;0.0748891;0.0744493;0.0740613;0.0740189;0.0740596;0.0732319;0.0732113;0.0730196;0.0728486;0.0721622;0.0714599;0.071356;0.071185;0.0707058;0.0704222;0.0702907;0.0701013;0.0699721;0.0698668;0.0699609
0.117927;0.103775;0.0970272;0.0924086;0.0902731;0.0886365;0.0873491;0.0864093;0.0840493;0.0821101;0.0808294;0.0787069;0.0769959;0.0765231;0.0762509;0.0755325;0.0749566;0.0748683;0.0744492;0.0743404;0.074577;0.0735723;0.0733836;0.073717;0.0733465;0.0734341;0.0727953;0.0731244;0.0721767;0.0714687;0.0710215;0.0709202;0.0706395;0.0703198;0.0701533;0.0698666;0.0698484;0.0697146;0.069785
0.115443;0.105493;0.0948849;0.0919285;0.0876429;0.0880186;0.0879837;0.0830351;0.0836859;0.0829761;0.0797888;0.078164;0.0776102;0.0763231;0.0767514;0.0755433;0.0745892;0.0748713;0.0745412;0.0739221;0.0741658;0.073495;0.073768;0.0734494;0.073279;0.0731698;0.0728788;0.0729608;0.0717895;0.0713026;0.0708935;0.0707583;0.0703843;0.0703248;0.0698347;0.0698458;0.069765;0.0695461;0.0695287
0.115709;0.100621;0.0941254;0.0927959;0.0902003;0.0858771;0.0856431;0.0848028;0.0839236;0.0836264;0.0800355;0.0778392;0.0772307;0.0770306;0.0756862;0.0752183;0.0747305;0.0742196;0.0742555;0.0737986;0.0735816;0.0733451;0.0732308;0.073266;0.0728288;0.0729859;0.0730132;0.072628;0.0715808;0.071236;0.0709402;0.0707074;0.070318;0.0699854;0.0697101;0.0696092;0.0694199;0.0694231;0.0693658
0.115462;0.101749;0.0965379;0.0918428;0.0893154;0.0878954;0.0858442;0.0846694;0.0844601;0.0825647;0.0802495;0.077734;0.0768362;0.0765874;0.0754452;0.075611;0.0748002;0.0747897;0.0739893;0.0743088;0.0735642;0.0733567;0.0730521;0.0728495;0.07262;0.0726228;0.072638;0.0723406;0.0716093;0.0709531;0.0705658;0.0705111;0.0699311;0.0698365;0.0696115;0.0694441;0.0693477;0.0692777;0.0691245
0.116457;0.102157;0.0939161;0.0898965;0.086882;0.0879592;0.0850244;0.0837677;0.0842122;0.0820641;0.079858;0.0773415;0.0770045;0.0762756;0.0749333;0.0752525;0.0744815;0.0744711;0.0739561;0.0733331;0.0733505;0.0730477;0.0731489;0.0727319;0.0726997;0.0723942;0.0723869;0.0723472;0.0714105;0.0709062;0.0706427;0.0701523;0.069909;0.0695686;0.0694885;0.0692778;0.069209;0.0691704;0.0690141
0.117567;0.103957;0.0947194;0.0890209;0.0902053;0.0875643;0.0852033;0.0827589;0.0834971;0.0820965;0.0794324;0.0776332;0.0770457;0.0761655;0.0754827;0.0751227;0.0741482;0.0738675;0.0732594;0.0734864;0.072791;0.0727004;0.0728819;0.0725927;0.0725427;0.0723445;0.0722831;0.0721676;0.0712268;0.0708028;0.0702898;0.0701193;0.0696329;0.0696208;0.0691823;0.0692994;0.0691273;0.0690126;0.0688759
0.12062;0.102831;0.0943523;0.0909327;0.0875433;0.0865809;0.0847382;0.0833254;0.0834524;0.0815496;0.0803243;0.078223;0.0764636;0.0757547;0.0745087;0.074165;0.0744049;0.073465;0.0732688;0.0733088;0.0732078;0.0729155;0.0722468;0.0724309;0.0723206;0.0723208;0.0723066;0.07172;0.0709405;0.0704795;0.0702782;0.0699407;0.0695461;0.069377;0.0692032;0.0691304;0.0688587;0.0688129;0.0686772
0.120649;0.10128;0.0941689;0.0921522;0.0883299;0.0872727;0.0859367;0.0837549;0.0823138;0.0817847;0.0790968;0.0772038;0.0759102;0.0754113;0.0749542;0.0743704;0.0741662;0.0740852;0.073412;0.0730746;0.0730235;0.0730035;0.0721116;0.0723995;0.0722912;0.0721417;0.0721768;0.0715486;0.0707346;0.0704775;0.070165;0.0696314;0.0693511;0.0691791;0.0689762;0.0687852;0.0687469;0.0685843;0.0685665
0.115823;0.103051;0.0963411;0.091835;0.088448;0.0865181;0.0853798;0.0848099;0.0823365;0.082139;0.0790768;0.0768817;0.0762539;0.0761377;0.074349;0.0743176;0.0736711;0.0735635;0.0729941;0.0729119;0.0729444;0.0724332;0.072006;0.0719839;0.0720685;0.0717376;0.0721112;0.0712942;0.0703929;0.0701063;0.0698593;0.0698236;0.0693362;0.0692429;0.0687269;0.0687089;0.0685298;0.0685206;0.0684006
0.119949;0.10049;0.0947446;0.0901245;0.0867418;0.0859179;0.0860369;0.0839766;0.0837266;0.0823904;0.0793003;0.0765715;0.0765732;0.074909;0.0748119;0.0743169;0.0736829;0.0731112;0.0726163;0.0721074;0.0725576;0.0722388;0.0720738;0.0723198;0.0715958;0.0713939;0.0714116;0.0712176;0.0706534;0.0699443;0.069611;0.0695841;0.0691656;0.0687335;0.0685729;0.0686436;0.0684221;0.068511;0.0683521
0.112634;0.099958;0.0933102;0.0885477;0.0877217;0.0862901;0.0838633;0.0827231;0.081532;0.081519;0.0785507;0.0767191;0.0760732;0.074864;0.074379;0.0733411;0.0737557;0.0731109;0.0727144;0.0726721;0.0726538;0.0722682;0.0716457;0.0715911;0.071217;0.07132;0.0716225;0.0714261;0.070374;0.0700073;0.0693848;0.0692812;0.0689462;0.068752;0.0685667;0.0683081;0.0682447;0.0680466;0.0681337
0.118231;0.100713;0.0947872;0.0907243;0.0888689;0.086461;0.0847787;0.0833947;0.0817175;0.0810056;0.0786376;0.076716;0.0756504;0.0750062;0.074484;0.0745064;0.0733252;0.0730526;0.0731014;0.0724159;0.0717921;0.0718705;0.0716795;0.0718382;0.0713567;0.0712098;0.0713553;0.0715164;0.0705464;0.0699082;0.0692138;0.0692419;0.0688651;0.0685481;0.0683681;0.0682847;0.0680865;0.0679889;0.0679404
0.117892;0.0985426;0.0945549;0.0886675;0.0869659;0.086046;0.0844687;0.0827142;0.0821475;0.081197;0.078508;0.0761323;0.075976;0.0748226;0.0745716;0.0730545;0.073841;0.0729156;0.0724146;0.0722841;0.0726083;0.0719549;0.0717078;0.0715927;0.0712379;0.0715061;0.0707205;0.0705336;0.069918;0.0696066;0.0691554;0.0689217;0.0686672;0.068349;0.068501;0.0681176;0.0680491;0.0679453;0.0678897
0.115576;0.101253;0.0948077;0.0896765;0.0864313;0.0872623;0.0825642;0.0826789;0.0818274;0.0807449;0.0785652;0.0764947;0.0748385;0.0745685;0.0738141;0.0733637;0.0725781;0.0724452;0.0728933;0.0717314;0.0717639;0.0711292;0.0718276;0.0715789;0.0711076;0.0710669;0.0708734;0.0704411;0.0701858;0.0694852;0.0692589;0.0688229;0.0682932;0.0682233;0.0679312;0.0678605;0.0677441;0.0677676;0.0676379
0.115926;0.100358;0.0959116;0.0893612;0.0891266;0.0848909;0.0818222;0.0825033;0.0814457;0.0814231;0.078042;0.0759763;0.0762054;0.0738833;0.0738071;0.0733697;0.0728449;0.0722827;0.0720084;0.071653;0.0716758;0.0715814;0.0714219;0.0712623;0.0713608;0.070564;0.0712759;0.0704388;0.0698467;0.0691675;0.0688314;0.0685008;0.0683541;0.0681665;0.0680501;0.0677888;0.0676064;0.0675597;0.0675382
0.114282;0.0997897;0.0925557;0.0899575;0.0859249;0.08474;0.0837483;0.0826304;0.0805066;0.0818072;0.0778585;0.0765211;0.0748906;0.0739374;0.073709;0.0723829;0.0724374;0.0725394;0.0722757;0.071866;0.0717396;0.0712279;0.070919;0.0711157;0.0709274;0.0706313;0.0705615;0.0704973;0.069642;0.0690467;0.0689331;0.0684585;0.0682934;0.0678938;0.067749;0.0676191;0.0674425;0.0675267;0.0674088
0.116054;0.101065;0.0912933;0.0894405;0.0869675;0.0848442;0.0830276;0.0834278;0.0823393;0.0800441;0.0774042;0.0762815;0.0740077;0.0740704;0.0739487;0.0735662;0.0722301;0.0720909;0.0720515;0.0713938;0.0714413;0.0715861;0.0706946;0.0710229;0.070875;0.0709081;0.0701934;0.0703549;0.0696568;0.0686792;0.0686487;0.0683978;0.0680763;0.0678176;0.0678392;0.0675213;0.0674649;0.0673868;0.0673063
0.11376;0.0984374;0.0917806;0.0879272;0.0874222;0.0847461;0.0832447;0.0813267;0.0809972;0.0791173;0.0774825;0.0754205;0.0748193;0.074188;0.0738618;0.0729379;0.0724859;0.0722075;0.0716975;0.0714247;0.0716725;0.0709188;0.0710022;0.0709237;0.070442;0.0706875;0.0706554;0.0699298;0.0693603;0.0687784;0.0685412;0.0684538;0.0679655;0.0676936;0.0674052;0.0674387;0.0673133;0.067212;0.0670383
0.116623;0.0995697;0.0935206;0.0882984;0.0853841;0.0849069;0.0824836;0.0810455;0.0810562;0.079988;0.077301;0.0755077;0.0745756;0.0733684;0.0729785;0.0725512;0.0721736;0.071901;0.0714898;0.071066;0.0710338;0.0706393;0.0710787;0.0706818;0.0702595;0.0705126;0.0702352;0.0697736;0.069597;0.0687032;0.0682426;0.0679857;0.0678787;0.0675516;0.0674025;0.0672145;0.0670866;0.0670422;0.0667824
0.113786;0.100057;0.0919597;0.089036;0.0859194;0.0832777;0.0811106;0.081232;0.0803077;0.0785567;0.076683;0.0754723;0.0748692;0.0734592;0.0729717;0.0720859;0.0719028;0.0719858;0.0716588;0.0712327;0.0709498;0.0706682;0.0705529;0.0706219;0.070337;0.0702946;0.070239;0.0696724;0.0690088;0.0684548;0.0681677;0.0678843;0.0677119;0.0672978;0.0672404;0.0671578;0.0669302;0.066845;0.0668322
0.115403;0.100321;0.0916558;0.0897499;0.0866122;0.0844111;0.0824595;0.082136;0.0806709;0.0791247;0.0774867;0.0759023;0.0752608;0.0733874;0.0733066;0.0726106;0.0720596;0.0715164;0.0707936;0.07088;0.0706723;0.0706122;0.0705409;0.070111;0.0703344;0.0697698;0.0701477;0.0698197;0.0691024;0.0684244;0.0680553;0.0678502;0.067442;0.0673508;0.0670133;0.0668903;0.0670083;0.0666755;0.066527
0.118163;0.0966925;0.0928053;0.0903967;0.0858105;0.0833294;0.082193;0.0804752;0.0795502;0.079305;0.0768167;0.0759923;0.0734617;0.0735704;0.0732665;0.0722507;0.0713085;0.0716453;0.0710771;0.0710478;0.0706461;0.0704654;0.0701594;0.0701821;0.0700654;0.069831;0.0698203;0.0695046;0.0687153;0.0682264;0.0678883;0.0675993;0.0673937;0.067266;0.0669383;0.06688;0.0666629;0.0666382;0.066545
0.110992;0.0978308;0.0925602;0.0863166;0.0860196;0.0839451;0.0834055;0.0817835;0.0799456;0.0799299;0.076403;0.0748892;0.0744669;0.0734651;0.0725172;0.0716682;0.0716541;0.0714732;0.0708273;0.0710958;0.0702192;0.0702756;0.0702858;0.0700914;0.069943;0.0694249;0.0694993;0.0692221;0.0686576;0.0681947;0.0677714;0.0674635;0.0670395;0.0671234;0.0668293;0.0667066;0.0665138;0.0664446;0.0664115
0.115148;0.0978323;0.0914856;0.0862215;0.0845583;0.0843878;0.083466;0.08128;0.0806867;0.0796428;0.0757532;0.0749427;0.0735971;0.0729878;0.0725753;0.0720483;0.0715322;0.0709464;0.070712;0.0706069;0.0701739;0.0707754;0.0698165;0.0699922;0.0696593;0.0696213;0.0694475;0.0692162;0.068669;0.0683223;0.0677917;0.067518;0.067117;0.0667134;0.0666926;0.0665572;0.06626;0.0662143;0.0662877
0.111558;0.0988836;0.0907945;0.0858358;0.0848975;0.0838647;0.0822486;0.0808707;0.0800801;0.079164;0.0763992;0.0751943;0.073486;0.0730468;0.0721719;0.0717241;0.0715594;0.0708245;0.0705444;0.0704979;0.0702917;0.0702568;0.0698646;0.0697067;0.0696229;0.0692757;0.0691342;0.0689394;0.0681295;0.0676018;0.0675789;0.0674881;0.0668948;0.0668093;0.0664568;0.0664023;0.0662177;0.0661547;0.0661603
0.109926;0.0980194;0.090513;0.0863478;0.0860621;0.0831302;0.0815405;0.080115;0.07953;0.080226;0.0759326;0.0740454;0.0732261;0.0720839;0.0718485;0.0713471;0.0711507;0.0706514;0.0705348;0.0702439;0.0702162;0.0706526;0.0691469;0.0693886;0.0693716;0.0694523;0.0688767;0.0687562;0.0681903;0.0680586;0.0673823;0.0669676;0.0668199;0.0665595;0.0663189;0.0662125;0.0661882;0.0659652;0.0659807
0.115091;0.0965859;0.0953034;0.0870504;0.0851188;0.0838007;0.0816603;0.0797163;0.0788438;0.0796037;0.076304;0.0742593;0.073126;0.0726346;0.0720565;0.0713166;0.0707573;0.0709286;0.0703596;0.0700883;0.0700723;0.0701718;0.0696625;0.0693575;0.069337;0.0688923;0.0690512;0.0688797;0.0681265;0.067504;0.0674066;0.0670535;0.0666322;0.0664807;0.0661224;0.066106;0.0660007;0.0657615;0.0657577
0.108925;0.0972211;0.0925142;0.0890207;0.0857159;0.0836926;0.0813659;0.0806024;0.0806598;0.0779827;0.075614;0.0749918;0.0732272;0.0718524;0.0714577;0.0713972;0.0707517;0.070738;0.0704623;0.0698151;0.0700978;0.0695463;0.0697426;0.0693508;0.0690865;0.0686653;0.06899;0.068804;0.0678682;0.0673959;0.0670157;0.0667466;0.0664785;0.066133;0.0660359;0.0659282;0.0657981;0.0657901;0.0656361
0.11565;0.0973187;0.0898287;0.0880984;0.0842238;0.0816631;0.0825553;0.0787335;0.0793477;0.0783021;0.0754288;0.0744985;0.0738229;0.0721221;0.0718866;0.0719885;0.0707781;0.0705777;0.0702797;0.0698543;0.0691923;0.0692575;0.0692146;0.0690538;0.0693462;0.068957;0.0688352;0.0684981;0.0674908;0.0671744;0.0670983;0.0666903;0.0663296;0.0661893;0.0659275;0.0657494;0.0656828;0.0655947;0.0655099
0.112174;0.0970472;0.0885373;0.0861989;0.084494;0.0826801;0.0813268;0.0806556;0.0790077;0.0783897;0.0750662;0.0741444;0.072502;0.072076;0.0717485;0.0707894;0.0709362;0.070239;0.0700418;0.0700963;0.0692472;0.0691882;0.0692654;0.0690271;0.0686976;0.0686394;0.06843;0.0683696;0.0677139;0.0669528;0.0670325;0.0666227;0.066249;0.0659089;0.0659154;0.0657155;0.0654672;0.0655078;0.0655109
0.114763;0.0952176;0.0890643;0.0869102;0.0845665;0.0825838;0.0812894;0.0786632;0.0793242;0.0783724;0.0756451;0.0739427;0.0730192;0.0722359;0.0717295;0.0707955;0.070556;0.0704095;0.0696381;0.0698849;0.0691873;0.0689867;0.0686643;0.0687118;0.0686732;0.0688038;0.0684463;0.0683574;0.0673959;0.066689;0.0666815;0.0665126;0.0661642;0.0658963;0.0656557;0.0656887;0.0654712;0.0654061;0.0653543
0.116734;0.0954585;0.0915261;0.0864819;0.0831201;0.0826531;0.080576;0.0802185;0.0796513;0.077514;0.0755916;0.0740676;0.0726767;0.0722318;0.0712929;0.0706683;0.0707572;0.0701589;0.0701768;0.0693179;0.069157;0.0689175;0.0686576;0.0684907;0.0685531;0.0686066;0.0682306;0.0679857;0.0674315;0.0668369;0.0665826;0.0662247;0.0658469;0.065642;0.0656101;0.0654438;0.0654471;0.0651885;0.0651583
0.110851;0.0984773;0.089474;0.0871984;0.0839553;0.0827843;0.0798112;0.0798294;0.0779437;0.0780682;0.0749045;0.0729881;0.0724923;0.0716635;0.0714548;0.0706897;0.0704886;0.0700556;0.0697112;0.0695432;0.0687816;0.0686988;0.0686154;0.0685537;0.068773;0.0684682;0.0678949;0.0678747;0.067258;0.0666225;0.066334;0.0661607;0.0656721;0.0655842;0.0653659;0.0652646;0.0650956;0.0651129;0.0650114
0.112437;0.0975537;0.0908037;0.084997;0.0841158;0.0815894;0.0803914;0.0794897;0.0783716;0.0784808;0.0751942;0.0741812;0.0728984;0.0711288;0.0706259;0.0706691;0.0701548;0.0696793;0.0689111;0.0691845;0.0689147;0.0687506;0.0685003;0.0683103;0.0685274;0.0683765;0.0680187;0.067952;0.0670307;0.0667087;0.06629;0.0659843;0.0657637;0.0653711;0.065277;0.0650835;0.0651364;0.0649665;0.0648963
0.111754;0.0971843;0.089228;0.0853593;0.0818353;0.0826031;0.0806644;0.0788097;0.0775329;0.0774773;0.0742033;0.0728208;0.0720939;0.071388;0.0707032;0.0703571;0.0699146;0.0696106;0.069483;0.069527;0.0687416;0.0687829;0.0686876;0.0684631;0.067717;0.0678448;0.0679444;0.0676748;0.0671627;0.0664109;0.0661351;0.0660408;0.0654625;0.0652116;0.0652135;0.0650588;0.0649861;0.0648724;0.0647156
0.108552;0.0962336;0.0877712;0.0849997;0.081961;0.0816589;0.0814201;0.0782902;0.0785553;0.0773025;0.0750601;0.0723286;0.0718231;0.0710098;0.0701589;0.0702171;0.0693642;0.0701021;0.0689029;0.0687179;0.0689476;0.068245;0.068056;0.0687698;0.068234;0.067651;0.0678858;0.0677246;0.0666765;0.0664778;0.0661051;0.0656516;0.0653899;0.0651166;0.0650061;0.0648591;0.0649471;0.0647292;0.0645894